==18499== NVPROF is profiling process 18499, command: ./MD5Hash -s 1
==18499== Some kernel(s) will be replayed on device 2 in order to collect all events/metrics.
==18499== Profiling application: ./MD5Hash -s 1
==18499== Profiling result:
==18499== Metric result:
"Device","Kernel","Invocations","Metric Name","Metric Description","Min","Max","Avg"
"Tesla P100-SXM2-16GB (2)","FindKeyWithDigest_Kernel(unsigned int, unsigned int, unsigned int, unsigned int, int, int, int, int*, unsigned char*, unsigned int*)",10,"inst_per_warp","Instructions per warp",2479.259181,2479.259181,2479.259181
"Tesla P100-SXM2-16GB (2)","FindKeyWithDigest_Kernel(unsigned int, unsigned int, unsigned int, unsigned int, int, int, int, int*, unsigned char*, unsigned int*)",10,"branch_efficiency","Branch Efficiency",100.000000%,100.000000%,100.000000%
"Tesla P100-SXM2-16GB (2)","FindKeyWithDigest_Kernel(unsigned int, unsigned int, unsigned int, unsigned int, int, int, int, int*, unsigned char*, unsigned int*)",10,"warp_execution_efficiency","Warp Execution Efficiency",99.999960%,99.999960%,99.999960%
"Tesla P100-SXM2-16GB (2)","FindKeyWithDigest_Kernel(unsigned int, unsigned int, unsigned int, unsigned int, int, int, int, int*, unsigned char*, unsigned int*)",10,"warp_nonpred_execution_efficiency","Warp Non-Predicated Execution Efficiency",98.789142%,98.789142%,98.789142%
"Tesla P100-SXM2-16GB (2)","FindKeyWithDigest_Kernel(unsigned int, unsigned int, unsigned int, unsigned int, int, int, int, int*, unsigned char*, unsigned int*)",10,"inst_replay_overhead","Instruction Replay Overhead",0.000115,0.000192,0.000170
"Tesla P100-SXM2-16GB (2)","FindKeyWithDigest_Kernel(unsigned int, unsigned int, unsigned int, unsigned int, int, int, int, int*, unsigned char*, unsigned int*)",10,"shared_load_transactions_per_request","Shared Memory Load Transactions Per Request",0.000000,0.000000,0.000000
"Tesla P100-SXM2-16GB (2)","FindKeyWithDigest_Kernel(unsigned int, unsigned int, unsigned int, unsigned int, int, int, int, int*, unsigned char*, unsigned int*)",10,"shared_store_transactions_per_request","Shared Memory Store Transactions Per Request",0.000000,0.000000,0.000000
"Tesla P100-SXM2-16GB (2)","FindKeyWithDigest_Kernel(unsigned int, unsigned int, unsigned int, unsigned int, int, int, int, int*, unsigned char*, unsigned int*)",10,"local_load_transactions_per_request","Local Memory Load Transactions Per Request",0.000000,0.000000,0.000000
"Tesla P100-SXM2-16GB (2)","FindKeyWithDigest_Kernel(unsigned int, unsigned int, unsigned int, unsigned int, int, int, int, int*, unsigned char*, unsigned int*)",10,"local_store_transactions_per_request","Local Memory Store Transactions Per Request",0.000000,0.000000,0.000000
"Tesla P100-SXM2-16GB (2)","FindKeyWithDigest_Kernel(unsigned int, unsigned int, unsigned int, unsigned int, int, int, int, int*, unsigned char*, unsigned int*)",10,"gld_transactions_per_request","Global Load Transactions Per Request",0.000000,0.000000,0.000000
"Tesla P100-SXM2-16GB (2)","FindKeyWithDigest_Kernel(unsigned int, unsigned int, unsigned int, unsigned int, int, int, int, int*, unsigned char*, unsigned int*)",10,"gst_transactions_per_request","Global Store Transactions Per Request",1.000000,1.000000,1.000000
"Tesla P100-SXM2-16GB (2)","FindKeyWithDigest_Kernel(unsigned int, unsigned int, unsigned int, unsigned int, int, int, int, int*, unsigned char*, unsigned int*)",10,"shared_store_transactions","Shared Store Transactions",0,0,0
"Tesla P100-SXM2-16GB (2)","FindKeyWithDigest_Kernel(unsigned int, unsigned int, unsigned int, unsigned int, int, int, int, int*, unsigned char*, unsigned int*)",10,"shared_load_transactions","Shared Load Transactions",0,0,0
"Tesla P100-SXM2-16GB (2)","FindKeyWithDigest_Kernel(unsigned int, unsigned int, unsigned int, unsigned int, int, int, int, int*, unsigned char*, unsigned int*)",10,"local_load_transactions","Local Load Transactions",0,0,0
"Tesla P100-SXM2-16GB (2)","FindKeyWithDigest_Kernel(unsigned int, unsigned int, unsigned int, unsigned int, int, int, int, int*, unsigned char*, unsigned int*)",10,"local_store_transactions","Local Store Transactions",0,0,0
"Tesla P100-SXM2-16GB (2)","FindKeyWithDigest_Kernel(unsigned int, unsigned int, unsigned int, unsigned int, int, int, int, int*, unsigned char*, unsigned int*)",10,"gld_transactions","Global Load Transactions",2,2,2
"Tesla P100-SXM2-16GB (2)","FindKeyWithDigest_Kernel(unsigned int, unsigned int, unsigned int, unsigned int, int, int, int, int*, unsigned char*, unsigned int*)",10,"gst_transactions","Global Store Transactions",13,13,13
"Tesla P100-SXM2-16GB (2)","FindKeyWithDigest_Kernel(unsigned int, unsigned int, unsigned int, unsigned int, int, int, int, int*, unsigned char*, unsigned int*)",10,"sysmem_read_transactions","System Memory Read Transactions",0,0,0
"Tesla P100-SXM2-16GB (2)","FindKeyWithDigest_Kernel(unsigned int, unsigned int, unsigned int, unsigned int, int, int, int, int*, unsigned char*, unsigned int*)",10,"sysmem_write_transactions","System Memory Write Transactions",5,5,5
"Tesla P100-SXM2-16GB (2)","FindKeyWithDigest_Kernel(unsigned int, unsigned int, unsigned int, unsigned int, int, int, int, int*, unsigned char*, unsigned int*)",10,"l2_read_transactions","L2 Read Transactions",1248,1248,1248
"Tesla P100-SXM2-16GB (2)","FindKeyWithDigest_Kernel(unsigned int, unsigned int, unsigned int, unsigned int, int, int, int, int*, unsigned char*, unsigned int*)",10,"l2_write_transactions","L2 Write Transactions",26,26,26
"Tesla P100-SXM2-16GB (2)","FindKeyWithDigest_Kernel(unsigned int, unsigned int, unsigned int, unsigned int, int, int, int, int*, unsigned char*, unsigned int*)",10,"dram_read_transactions","Device Memory Read Transactions",0,0,0
"Tesla P100-SXM2-16GB (2)","FindKeyWithDigest_Kernel(unsigned int, unsigned int, unsigned int, unsigned int, int, int, int, int*, unsigned char*, unsigned int*)",10,"dram_write_transactions","Device Memory Write Transactions",0,12,6
"Tesla P100-SXM2-16GB (2)","FindKeyWithDigest_Kernel(unsigned int, unsigned int, unsigned int, unsigned int, int, int, int, int*, unsigned char*, unsigned int*)",10,"global_hit_rate","Global Hit Rate in unified l1/tex",0.000000%,0.000000%,0.000000%
"Tesla P100-SXM2-16GB (2)","FindKeyWithDigest_Kernel(unsigned int, unsigned int, unsigned int, unsigned int, int, int, int, int*, unsigned char*, unsigned int*)",10,"local_hit_rate","Local Hit Rate",0.000000%,0.000000%,0.000000%
"Tesla P100-SXM2-16GB (2)","FindKeyWithDigest_Kernel(unsigned int, unsigned int, unsigned int, unsigned int, int, int, int, int*, unsigned char*, unsigned int*)",10,"gld_requested_throughput","Requested Global Load Throughput",0.000000B/s,0.000000B/s,0.000000B/s
"Tesla P100-SXM2-16GB (2)","FindKeyWithDigest_Kernel(unsigned int, unsigned int, unsigned int, unsigned int, int, int, int, int*, unsigned char*, unsigned int*)",10,"gst_requested_throughput","Requested Global Store Throughput",42.102539KB/s,42.666016KB/s,42.590820KB/s
"Tesla P100-SXM2-16GB (2)","FindKeyWithDigest_Kernel(unsigned int, unsigned int, unsigned int, unsigned int, int, int, int, int*, unsigned char*, unsigned int*)",10,"gld_throughput","Global Load Throughput",0.000000B/s,0.000000B/s,0.000000B/s
"Tesla P100-SXM2-16GB (2)","FindKeyWithDigest_Kernel(unsigned int, unsigned int, unsigned int, unsigned int, int, int, int, int*, unsigned char*, unsigned int*)",10,"gst_throughput","Global Store Throughput",625.523438KB/s,633.899414KB/s,632.798828KB/s
"Tesla P100-SXM2-16GB (2)","FindKeyWithDigest_Kernel(unsigned int, unsigned int, unsigned int, unsigned int, int, int, int, int*, unsigned char*, unsigned int*)",10,"local_memory_overhead","Local Memory Overhead",0.000000%,0.000000%,0.000000%
"Tesla P100-SXM2-16GB (2)","FindKeyWithDigest_Kernel(unsigned int, unsigned int, unsigned int, unsigned int, int, int, int, int*, unsigned char*, unsigned int*)",10,"tex_cache_hit_rate","Unified Cache Hit Rate",0.000000%,0.000000%,0.000000%
"Tesla P100-SXM2-16GB (2)","FindKeyWithDigest_Kernel(unsigned int, unsigned int, unsigned int, unsigned int, int, int, int, int*, unsigned char*, unsigned int*)",10,"l2_tex_read_hit_rate","L2 Hit Rate (Texture Reads)",0.000000%,0.000000%,0.000000%
"Tesla P100-SXM2-16GB (2)","FindKeyWithDigest_Kernel(unsigned int, unsigned int, unsigned int, unsigned int, int, int, int, int*, unsigned char*, unsigned int*)",10,"l2_tex_write_hit_rate","L2 Hit Rate (Texture Writes)",100.000000%,100.000000%,100.000000%
"Tesla P100-SXM2-16GB (2)","FindKeyWithDigest_Kernel(unsigned int, unsigned int, unsigned int, unsigned int, int, int, int, int*, unsigned char*, unsigned int*)",10,"dram_read_throughput","Device Memory Read Throughput",0.000000B/s,0.000000B/s,0.000000B/s
"Tesla P100-SXM2-16GB (2)","FindKeyWithDigest_Kernel(unsigned int, unsigned int, unsigned int, unsigned int, int, int, int, int*, unsigned char*, unsigned int*)",10,"dram_write_throughput","Device Memory Write Throughput",0.000000B/s,585.137695KB/s,311.531250KB/s
"Tesla P100-SXM2-16GB (2)","FindKeyWithDigest_Kernel(unsigned int, unsigned int, unsigned int, unsigned int, int, int, int, int*, unsigned char*, unsigned int*)",10,"tex_cache_throughput","Unified Cache Throughput",0.000000B/s,0.000000B/s,0.000000B/s
"Tesla P100-SXM2-16GB (2)","FindKeyWithDigest_Kernel(unsigned int, unsigned int, unsigned int, unsigned int, int, int, int, int*, unsigned char*, unsigned int*)",10,"l2_tex_read_throughput","L2 Throughput (Texture Reads)",0.000000B/s,0.000000B/s,0.000000B/s
"Tesla P100-SXM2-16GB (2)","FindKeyWithDigest_Kernel(unsigned int, unsigned int, unsigned int, unsigned int, int, int, int, int*, unsigned char*, unsigned int*)",10,"l2_tex_write_throughput","L2 Throughput (Texture Writes)",625.523438KB/s,633.899414KB/s,632.798828KB/s
"Tesla P100-SXM2-16GB (2)","FindKeyWithDigest_Kernel(unsigned int, unsigned int, unsigned int, unsigned int, int, int, int, int*, unsigned char*, unsigned int*)",10,"l2_read_throughput","L2 Throughput (Reads)",58.642829MB/s,59.428121MB/s,59.325099MB/s
"Tesla P100-SXM2-16GB (2)","FindKeyWithDigest_Kernel(unsigned int, unsigned int, unsigned int, unsigned int, int, int, int, int*, unsigned char*, unsigned int*)",10,"l2_write_throughput","L2 Throughput (Writes)",1.221725MB/s,1.238086MB/s,1.235938MB/s
"Tesla P100-SXM2-16GB (2)","FindKeyWithDigest_Kernel(unsigned int, unsigned int, unsigned int, unsigned int, int, int, int, int*, unsigned char*, unsigned int*)",10,"sysmem_read_throughput","System Memory Read Throughput",0.000000B/s,0.000000B/s,0.000000B/s
"Tesla P100-SXM2-16GB (2)","FindKeyWithDigest_Kernel(unsigned int, unsigned int, unsigned int, unsigned int, int, int, int, int*, unsigned char*, unsigned int*)",10,"sysmem_write_throughput","System Memory Write Throughput",240.585938KB/s,243.807617KB/s,243.382812KB/s
"Tesla P100-SXM2-16GB (2)","FindKeyWithDigest_Kernel(unsigned int, unsigned int, unsigned int, unsigned int, int, int, int, int*, unsigned char*, unsigned int*)",10,"local_load_throughput","Local Memory Load Throughput",0.000000B/s,0.000000B/s,0.000000B/s
"Tesla P100-SXM2-16GB (2)","FindKeyWithDigest_Kernel(unsigned int, unsigned int, unsigned int, unsigned int, int, int, int, int*, unsigned char*, unsigned int*)",10,"local_store_throughput","Local Memory Store Throughput",0.000000B/s,0.000000B/s,0.000000B/s
"Tesla P100-SXM2-16GB (2)","FindKeyWithDigest_Kernel(unsigned int, unsigned int, unsigned int, unsigned int, int, int, int, int*, unsigned char*, unsigned int*)",10,"shared_load_throughput","Shared Memory Load Throughput",0.000000B/s,0.000000B/s,0.000000B/s
"Tesla P100-SXM2-16GB (2)","FindKeyWithDigest_Kernel(unsigned int, unsigned int, unsigned int, unsigned int, int, int, int, int*, unsigned char*, unsigned int*)",10,"shared_store_throughput","Shared Memory Store Throughput",0.000000B/s,0.000000B/s,0.000000B/s
"Tesla P100-SXM2-16GB (2)","FindKeyWithDigest_Kernel(unsigned int, unsigned int, unsigned int, unsigned int, int, int, int, int*, unsigned char*, unsigned int*)",10,"gld_efficiency","Global Memory Load Efficiency",0.000000%,0.000000%,0.000000%
"Tesla P100-SXM2-16GB (2)","FindKeyWithDigest_Kernel(unsigned int, unsigned int, unsigned int, unsigned int, int, int, int, int*, unsigned char*, unsigned int*)",10,"gst_efficiency","Global Memory Store Efficiency",6.730769%,6.730769%,6.730769%
"Tesla P100-SXM2-16GB (2)","FindKeyWithDigest_Kernel(unsigned int, unsigned int, unsigned int, unsigned int, int, int, int, int*, unsigned char*, unsigned int*)",10,"tex_cache_transactions","Unified Cache Transactions",0,0,0
"Tesla P100-SXM2-16GB (2)","FindKeyWithDigest_Kernel(unsigned int, unsigned int, unsigned int, unsigned int, int, int, int, int*, unsigned char*, unsigned int*)",10,"flop_count_dp","Floating Point Operations(Double Precision)",0,0,0
"Tesla P100-SXM2-16GB (2)","FindKeyWithDigest_Kernel(unsigned int, unsigned int, unsigned int, unsigned int, int, int, int, int*, unsigned char*, unsigned int*)",10,"flop_count_dp_add","Floating Point Operations(Double Precision Add)",0,0,0
"Tesla P100-SXM2-16GB (2)","FindKeyWithDigest_Kernel(unsigned int, unsigned int, unsigned int, unsigned int, int, int, int, int*, unsigned char*, unsigned int*)",10,"flop_count_dp_fma","Floating Point Operations(Double Precision FMA)",0,0,0
"Tesla P100-SXM2-16GB (2)","FindKeyWithDigest_Kernel(unsigned int, unsigned int, unsigned int, unsigned int, int, int, int, int*, unsigned char*, unsigned int*)",10,"flop_count_dp_mul","Floating Point Operations(Double Precision Mul)",0,0,0
"Tesla P100-SXM2-16GB (2)","FindKeyWithDigest_Kernel(unsigned int, unsigned int, unsigned int, unsigned int, int, int, int, int*, unsigned char*, unsigned int*)",10,"flop_count_sp","Floating Point Operations(Single Precision)",0,0,0
"Tesla P100-SXM2-16GB (2)","FindKeyWithDigest_Kernel(unsigned int, unsigned int, unsigned int, unsigned int, int, int, int, int*, unsigned char*, unsigned int*)",10,"flop_count_sp_add","Floating Point Operations(Single Precision Add)",0,0,0
"Tesla P100-SXM2-16GB (2)","FindKeyWithDigest_Kernel(unsigned int, unsigned int, unsigned int, unsigned int, int, int, int, int*, unsigned char*, unsigned int*)",10,"flop_count_sp_fma","Floating Point Operations(Single Precision FMA)",0,0,0
"Tesla P100-SXM2-16GB (2)","FindKeyWithDigest_Kernel(unsigned int, unsigned int, unsigned int, unsigned int, int, int, int, int*, unsigned char*, unsigned int*)",10,"flop_count_sp_mul","Floating Point Operation(Single Precision Mul)",0,0,0
"Tesla P100-SXM2-16GB (2)","FindKeyWithDigest_Kernel(unsigned int, unsigned int, unsigned int, unsigned int, int, int, int, int*, unsigned char*, unsigned int*)",10,"flop_count_sp_special","Floating Point Operations(Single Precision Special)",1000320,1000320,1000320
"Tesla P100-SXM2-16GB (2)","FindKeyWithDigest_Kernel(unsigned int, unsigned int, unsigned int, unsigned int, int, int, int, int*, unsigned char*, unsigned int*)",10,"inst_executed","Instructions Executed",77501642,77501642,77501642
"Tesla P100-SXM2-16GB (2)","FindKeyWithDigest_Kernel(unsigned int, unsigned int, unsigned int, unsigned int, int, int, int, int*, unsigned char*, unsigned int*)",10,"inst_issued","Instructions Issued",77510064,77516511,77514160
"Tesla P100-SXM2-16GB (2)","FindKeyWithDigest_Kernel(unsigned int, unsigned int, unsigned int, unsigned int, int, int, int, int*, unsigned char*, unsigned int*)",10,"dram_utilization","Device Memory Utilization","Idle (0)","Low (1)","Idle (0)"
"Tesla P100-SXM2-16GB (2)","FindKeyWithDigest_Kernel(unsigned int, unsigned int, unsigned int, unsigned int, int, int, int, int*, unsigned char*, unsigned int*)",10,"sysmem_utilization","System Memory Utilization","Low (1)","Low (1)","Low (1)"
"Tesla P100-SXM2-16GB (2)","FindKeyWithDigest_Kernel(unsigned int, unsigned int, unsigned int, unsigned int, int, int, int, int*, unsigned char*, unsigned int*)",10,"stall_inst_fetch","Issue Stall Reasons (Instructions Fetch)",1.368349%,1.394652%,1.383087%
"Tesla P100-SXM2-16GB (2)","FindKeyWithDigest_Kernel(unsigned int, unsigned int, unsigned int, unsigned int, int, int, int, int*, unsigned char*, unsigned int*)",10,"stall_exec_dependency","Issue Stall Reasons (Execution Dependency)",11.636158%,11.778901%,11.725509%
"Tesla P100-SXM2-16GB (2)","FindKeyWithDigest_Kernel(unsigned int, unsigned int, unsigned int, unsigned int, int, int, int, int*, unsigned char*, unsigned int*)",10,"stall_memory_dependency","Issue Stall Reasons (Data Request)",0.000000%,0.000000%,0.000000%
"Tesla P100-SXM2-16GB (2)","FindKeyWithDigest_Kernel(unsigned int, unsigned int, unsigned int, unsigned int, int, int, int, int*, unsigned char*, unsigned int*)",10,"stall_texture","Issue Stall Reasons (Texture)",0.000000%,0.000000%,0.000000%
"Tesla P100-SXM2-16GB (2)","FindKeyWithDigest_Kernel(unsigned int, unsigned int, unsigned int, unsigned int, int, int, int, int*, unsigned char*, unsigned int*)",10,"stall_sync","Issue Stall Reasons (Synchronization)",0.000000%,0.000000%,0.000000%
"Tesla P100-SXM2-16GB (2)","FindKeyWithDigest_Kernel(unsigned int, unsigned int, unsigned int, unsigned int, int, int, int, int*, unsigned char*, unsigned int*)",10,"stall_other","Issue Stall Reasons (Other)",81.158854%,81.391605%,81.238667%
"Tesla P100-SXM2-16GB (2)","FindKeyWithDigest_Kernel(unsigned int, unsigned int, unsigned int, unsigned int, int, int, int, int*, unsigned char*, unsigned int*)",10,"stall_constant_memory_dependency","Issue Stall Reasons (Immediate constant)",0.024815%,0.032191%,0.030934%
"Tesla P100-SXM2-16GB (2)","FindKeyWithDigest_Kernel(unsigned int, unsigned int, unsigned int, unsigned int, int, int, int, int*, unsigned char*, unsigned int*)",10,"stall_pipe_busy","Issue Stall Reasons (Pipe Busy)",2.689643%,2.722288%,2.709543%
"Tesla P100-SXM2-16GB (2)","FindKeyWithDigest_Kernel(unsigned int, unsigned int, unsigned int, unsigned int, int, int, int, int*, unsigned char*, unsigned int*)",10,"shared_efficiency","Shared Memory Efficiency",0.000000%,0.000000%,0.000000%
"Tesla P100-SXM2-16GB (2)","FindKeyWithDigest_Kernel(unsigned int, unsigned int, unsigned int, unsigned int, int, int, int, int*, unsigned char*, unsigned int*)",10,"inst_fp_32","FP Instructions(Single)",1000320,1000320,1000320
"Tesla P100-SXM2-16GB (2)","FindKeyWithDigest_Kernel(unsigned int, unsigned int, unsigned int, unsigned int, int, int, int, int*, unsigned char*, unsigned int*)",10,"inst_fp_64","FP Instructions(Double)",0,0,0
"Tesla P100-SXM2-16GB (2)","FindKeyWithDigest_Kernel(unsigned int, unsigned int, unsigned int, unsigned int, int, int, int, int*, unsigned char*, unsigned int*)",10,"inst_integer","Integer Instructions",2354019728,2354019728,2354019728
"Tesla P100-SXM2-16GB (2)","FindKeyWithDigest_Kernel(unsigned int, unsigned int, unsigned int, unsigned int, int, int, int, int*, unsigned char*, unsigned int*)",10,"inst_bit_convert","Bit-Convert Instructions",2000640,2000640,2000640
"Tesla P100-SXM2-16GB (2)","FindKeyWithDigest_Kernel(unsigned int, unsigned int, unsigned int, unsigned int, int, int, int, int*, unsigned char*, unsigned int*)",10,"inst_control","Control-Flow Instructions",60000320,60000320,60000320
"Tesla P100-SXM2-16GB (2)","FindKeyWithDigest_Kernel(unsigned int, unsigned int, unsigned int, unsigned int, int, int, int, int*, unsigned char*, unsigned int*)",10,"inst_compute_ld_st","Load/Store Instructions",13,13,13
"Tesla P100-SXM2-16GB (2)","FindKeyWithDigest_Kernel(unsigned int, unsigned int, unsigned int, unsigned int, int, int, int, int*, unsigned char*, unsigned int*)",10,"inst_misc","Misc Instructions",33001610,33001610,33001610
"Tesla P100-SXM2-16GB (2)","FindKeyWithDigest_Kernel(unsigned int, unsigned int, unsigned int, unsigned int, int, int, int, int*, unsigned char*, unsigned int*)",10,"inst_inter_thread_communication","Inter-Thread Instructions",0,0,0
"Tesla P100-SXM2-16GB (2)","FindKeyWithDigest_Kernel(unsigned int, unsigned int, unsigned int, unsigned int, int, int, int, int*, unsigned char*, unsigned int*)",10,"issue_slots","Issue Slots",76822541,76828980,76826638
"Tesla P100-SXM2-16GB (2)","FindKeyWithDigest_Kernel(unsigned int, unsigned int, unsigned int, unsigned int, int, int, int, int*, unsigned char*, unsigned int*)",10,"cf_issued","Issued Control-Flow Instructions",1968761,1968761,1968761
"Tesla P100-SXM2-16GB (2)","FindKeyWithDigest_Kernel(unsigned int, unsigned int, unsigned int, unsigned int, int, int, int, int*, unsigned char*, unsigned int*)",10,"cf_executed","Executed Control-Flow Instructions",1968761,1968761,1968761
"Tesla P100-SXM2-16GB (2)","FindKeyWithDigest_Kernel(unsigned int, unsigned int, unsigned int, unsigned int, int, int, int, int*, unsigned char*, unsigned int*)",10,"ldst_issued","Issued Load/Store Instructions",62533,62533,62533
"Tesla P100-SXM2-16GB (2)","FindKeyWithDigest_Kernel(unsigned int, unsigned int, unsigned int, unsigned int, int, int, int, int*, unsigned char*, unsigned int*)",10,"ldst_executed","Executed Load/Store Instructions",62533,62533,62533
"Tesla P100-SXM2-16GB (2)","FindKeyWithDigest_Kernel(unsigned int, unsigned int, unsigned int, unsigned int, int, int, int, int*, unsigned char*, unsigned int*)",10,"atomic_transactions","Atomic Transactions",0,0,0
"Tesla P100-SXM2-16GB (2)","FindKeyWithDigest_Kernel(unsigned int, unsigned int, unsigned int, unsigned int, int, int, int, int*, unsigned char*, unsigned int*)",10,"atomic_transactions_per_request","Atomic Transactions Per Request",0.000000,0.000000,0.000000
"Tesla P100-SXM2-16GB (2)","FindKeyWithDigest_Kernel(unsigned int, unsigned int, unsigned int, unsigned int, int, int, int, int*, unsigned char*, unsigned int*)",10,"l2_atomic_throughput","L2 Throughput (Atomic requests)",0.000000B/s,0.000000B/s,0.000000B/s
"Tesla P100-SXM2-16GB (2)","FindKeyWithDigest_Kernel(unsigned int, unsigned int, unsigned int, unsigned int, int, int, int, int*, unsigned char*, unsigned int*)",10,"l2_atomic_transactions","L2 Transactions (Atomic requests)",0,0,0
"Tesla P100-SXM2-16GB (2)","FindKeyWithDigest_Kernel(unsigned int, unsigned int, unsigned int, unsigned int, int, int, int, int*, unsigned char*, unsigned int*)",10,"l2_tex_read_transactions","L2 Transactions (Texture Reads)",0,0,0
"Tesla P100-SXM2-16GB (2)","FindKeyWithDigest_Kernel(unsigned int, unsigned int, unsigned int, unsigned int, int, int, int, int*, unsigned char*, unsigned int*)",10,"stall_memory_throttle","Issue Stall Reasons (Memory Throttle)",0.001088%,0.001102%,0.001097%
"Tesla P100-SXM2-16GB (2)","FindKeyWithDigest_Kernel(unsigned int, unsigned int, unsigned int, unsigned int, int, int, int, int*, unsigned char*, unsigned int*)",10,"stall_not_selected","Issue Stall Reasons (Not Selected)",2.888342%,2.921988%,2.911163%
"Tesla P100-SXM2-16GB (2)","FindKeyWithDigest_Kernel(unsigned int, unsigned int, unsigned int, unsigned int, int, int, int, int*, unsigned char*, unsigned int*)",10,"l2_tex_write_transactions","L2 Transactions (Texture Writes)",13,13,13
"Tesla P100-SXM2-16GB (2)","FindKeyWithDigest_Kernel(unsigned int, unsigned int, unsigned int, unsigned int, int, int, int, int*, unsigned char*, unsigned int*)",10,"nvlink_total_data_transmitted","NVLink Total Data Transmitted",576,576,576
"Tesla P100-SXM2-16GB (2)","FindKeyWithDigest_Kernel(unsigned int, unsigned int, unsigned int, unsigned int, int, int, int, int*, unsigned char*, unsigned int*)",10,"nvlink_total_data_received","NVLink Total Data Received",384,384,384
"Tesla P100-SXM2-16GB (2)","FindKeyWithDigest_Kernel(unsigned int, unsigned int, unsigned int, unsigned int, int, int, int, int*, unsigned char*, unsigned int*)",10,"nvlink_user_data_transmitted","NVLink User Data Transmitted",0,0,0
"Tesla P100-SXM2-16GB (2)","FindKeyWithDigest_Kernel(unsigned int, unsigned int, unsigned int, unsigned int, int, int, int, int*, unsigned char*, unsigned int*)",10,"nvlink_user_data_received","NVLink User Data Received",0,0,0
"Tesla P100-SXM2-16GB (2)","FindKeyWithDigest_Kernel(unsigned int, unsigned int, unsigned int, unsigned int, int, int, int, int*, unsigned char*, unsigned int*)",10,"nvlink_overhead_data_transmitted","NVLink Overhead Data Transmitted",100.000000%,100.000000%,100.000000%
"Tesla P100-SXM2-16GB (2)","FindKeyWithDigest_Kernel(unsigned int, unsigned int, unsigned int, unsigned int, int, int, int, int*, unsigned char*, unsigned int*)",10,"nvlink_overhead_data_received","NVLink Overhead Data Received",100.000000%,100.000000%,100.000000%
"Tesla P100-SXM2-16GB (2)","FindKeyWithDigest_Kernel(unsigned int, unsigned int, unsigned int, unsigned int, int, int, int, int*, unsigned char*, unsigned int*)",10,"nvlink_total_nratom_data_transmitted","NVLink Total Nratom Data Transmitted",0,0,0
"Tesla P100-SXM2-16GB (2)","FindKeyWithDigest_Kernel(unsigned int, unsigned int, unsigned int, unsigned int, int, int, int, int*, unsigned char*, unsigned int*)",10,"nvlink_user_nratom_data_transmitted","NVLink User Nratom Data Transmitted",0,0,0
"Tesla P100-SXM2-16GB (2)","FindKeyWithDigest_Kernel(unsigned int, unsigned int, unsigned int, unsigned int, int, int, int, int*, unsigned char*, unsigned int*)",10,"nvlink_total_ratom_data_transmitted","NVLink Total Ratom Data Transmitted",0,0,0
"Tesla P100-SXM2-16GB (2)","FindKeyWithDigest_Kernel(unsigned int, unsigned int, unsigned int, unsigned int, int, int, int, int*, unsigned char*, unsigned int*)",10,"nvlink_user_ratom_data_transmitted","NVLink User Ratom Data Transmitted",0,0,0
"Tesla P100-SXM2-16GB (2)","FindKeyWithDigest_Kernel(unsigned int, unsigned int, unsigned int, unsigned int, int, int, int, int*, unsigned char*, unsigned int*)",10,"nvlink_total_write_data_transmitted","NVLink Total Write Data Transmitted",0,0,0
"Tesla P100-SXM2-16GB (2)","FindKeyWithDigest_Kernel(unsigned int, unsigned int, unsigned int, unsigned int, int, int, int, int*, unsigned char*, unsigned int*)",10,"nvlink_user_write_data_transmitted","NVLink User Write Data Transmitted",0,0,0
"Tesla P100-SXM2-16GB (2)","FindKeyWithDigest_Kernel(unsigned int, unsigned int, unsigned int, unsigned int, int, int, int, int*, unsigned char*, unsigned int*)",10,"nvlink_transmit_throughput","NVLink Transmit Throughput",866.109375KB/s,877.707031KB/s,876.184570KB/s
"Tesla P100-SXM2-16GB (2)","FindKeyWithDigest_Kernel(unsigned int, unsigned int, unsigned int, unsigned int, int, int, int, int*, unsigned char*, unsigned int*)",10,"nvlink_receive_throughput","NVLink Receive Throughput",577.406250KB/s,585.137695KB/s,584.122070KB/s
"Tesla P100-SXM2-16GB (2)","FindKeyWithDigest_Kernel(unsigned int, unsigned int, unsigned int, unsigned int, int, int, int, int*, unsigned char*, unsigned int*)",10,"nvlink_total_response_data_received","NVLink Total Response Data Received",0,0,0
"Tesla P100-SXM2-16GB (2)","FindKeyWithDigest_Kernel(unsigned int, unsigned int, unsigned int, unsigned int, int, int, int, int*, unsigned char*, unsigned int*)",10,"nvlink_user_response_data_received","NVLink User Response Data Received",0,0,0
"Tesla P100-SXM2-16GB (2)","FindKeyWithDigest_Kernel(unsigned int, unsigned int, unsigned int, unsigned int, int, int, int, int*, unsigned char*, unsigned int*)",10,"flop_count_hp","Floating Point Operations(Half Precision)",0,0,0
"Tesla P100-SXM2-16GB (2)","FindKeyWithDigest_Kernel(unsigned int, unsigned int, unsigned int, unsigned int, int, int, int, int*, unsigned char*, unsigned int*)",10,"flop_count_hp_add","Floating Point Operations(Half Precision Add)",0,0,0
"Tesla P100-SXM2-16GB (2)","FindKeyWithDigest_Kernel(unsigned int, unsigned int, unsigned int, unsigned int, int, int, int, int*, unsigned char*, unsigned int*)",10,"flop_count_hp_mul","Floating Point Operation(Half Precision Mul)",0,0,0
"Tesla P100-SXM2-16GB (2)","FindKeyWithDigest_Kernel(unsigned int, unsigned int, unsigned int, unsigned int, int, int, int, int*, unsigned char*, unsigned int*)",10,"flop_count_hp_fma","Floating Point Operations(Half Precision FMA)",0,0,0
"Tesla P100-SXM2-16GB (2)","FindKeyWithDigest_Kernel(unsigned int, unsigned int, unsigned int, unsigned int, int, int, int, int*, unsigned char*, unsigned int*)",10,"inst_fp_16","HP Instructions(Half)",0,0,0
"Tesla P100-SXM2-16GB (2)","FindKeyWithDigest_Kernel(unsigned int, unsigned int, unsigned int, unsigned int, int, int, int, int*, unsigned char*, unsigned int*)",10,"ipc","Executed IPC",1.479789,1.481233,1.480671
"Tesla P100-SXM2-16GB (2)","FindKeyWithDigest_Kernel(unsigned int, unsigned int, unsigned int, unsigned int, int, int, int, int*, unsigned char*, unsigned int*)",10,"issued_ipc","Issued IPC",1.480643,1.481932,1.481311
"Tesla P100-SXM2-16GB (2)","FindKeyWithDigest_Kernel(unsigned int, unsigned int, unsigned int, unsigned int, int, int, int, int*, unsigned char*, unsigned int*)",10,"issue_slot_utilization","Issue Slot Utilization",73.375531%,73.439372%,73.408601%
"Tesla P100-SXM2-16GB (2)","FindKeyWithDigest_Kernel(unsigned int, unsigned int, unsigned int, unsigned int, int, int, int, int*, unsigned char*, unsigned int*)",10,"sm_efficiency","Multiprocessor Activity",97.508812%,97.903481%,97.707770%
"Tesla P100-SXM2-16GB (2)","FindKeyWithDigest_Kernel(unsigned int, unsigned int, unsigned int, unsigned int, int, int, int, int*, unsigned char*, unsigned int*)",10,"achieved_occupancy","Achieved Occupancy",0.869950,0.880559,0.874485
"Tesla P100-SXM2-16GB (2)","FindKeyWithDigest_Kernel(unsigned int, unsigned int, unsigned int, unsigned int, int, int, int, int*, unsigned char*, unsigned int*)",10,"eligible_warps_per_cycle","Eligible Warps Per Active Cycle",3.053452,3.055147,3.054231
"Tesla P100-SXM2-16GB (2)","FindKeyWithDigest_Kernel(unsigned int, unsigned int, unsigned int, unsigned int, int, int, int, int*, unsigned char*, unsigned int*)",10,"shared_utilization","Shared Memory Utilization","Idle (0)","Idle (0)","Idle (0)"
"Tesla P100-SXM2-16GB (2)","FindKeyWithDigest_Kernel(unsigned int, unsigned int, unsigned int, unsigned int, int, int, int, int*, unsigned char*, unsigned int*)",10,"l2_utilization","L2 Cache Utilization","Low (1)","Low (1)","Low (1)"
"Tesla P100-SXM2-16GB (2)","FindKeyWithDigest_Kernel(unsigned int, unsigned int, unsigned int, unsigned int, int, int, int, int*, unsigned char*, unsigned int*)",10,"tex_utilization","Unified Cache Utilization","Idle (0)","Idle (0)","Idle (0)"
"Tesla P100-SXM2-16GB (2)","FindKeyWithDigest_Kernel(unsigned int, unsigned int, unsigned int, unsigned int, int, int, int, int*, unsigned char*, unsigned int*)",10,"ldst_fu_utilization","Load/Store Function Unit Utilization","Low (1)","Low (1)","Low (1)"
"Tesla P100-SXM2-16GB (2)","FindKeyWithDigest_Kernel(unsigned int, unsigned int, unsigned int, unsigned int, int, int, int, int*, unsigned char*, unsigned int*)",10,"cf_fu_utilization","Control-Flow Function Unit Utilization","Low (1)","Low (1)","Low (1)"
"Tesla P100-SXM2-16GB (2)","FindKeyWithDigest_Kernel(unsigned int, unsigned int, unsigned int, unsigned int, int, int, int, int*, unsigned char*, unsigned int*)",10,"tex_fu_utilization","Texture Function Unit Utilization","Low (1)","Low (1)","Low (1)"
"Tesla P100-SXM2-16GB (2)","FindKeyWithDigest_Kernel(unsigned int, unsigned int, unsigned int, unsigned int, int, int, int, int*, unsigned char*, unsigned int*)",10,"special_fu_utilization","Special Function Unit Utilization","Low (1)","Low (1)","Low (1)"
"Tesla P100-SXM2-16GB (2)","FindKeyWithDigest_Kernel(unsigned int, unsigned int, unsigned int, unsigned int, int, int, int, int*, unsigned char*, unsigned int*)",10,"half_precision_fu_utilization","Half-Precision Function Unit Utilization","Idle (0)","Idle (0)","Idle (0)"
"Tesla P100-SXM2-16GB (2)","FindKeyWithDigest_Kernel(unsigned int, unsigned int, unsigned int, unsigned int, int, int, int, int*, unsigned char*, unsigned int*)",10,"single_precision_fu_utilization","Single-Precision Function Unit Utilization","High (8)","High (8)","High (8)"
"Tesla P100-SXM2-16GB (2)","FindKeyWithDigest_Kernel(unsigned int, unsigned int, unsigned int, unsigned int, int, int, int, int*, unsigned char*, unsigned int*)",10,"double_precision_fu_utilization","Double-Precision Function Unit Utilization","Idle (0)","Idle (0)","Idle (0)"
"Tesla P100-SXM2-16GB (2)","FindKeyWithDigest_Kernel(unsigned int, unsigned int, unsigned int, unsigned int, int, int, int, int*, unsigned char*, unsigned int*)",10,"flop_hp_efficiency","FLOP Efficiency(Peak Half)",0.000000%,0.000000%,0.000000%
"Tesla P100-SXM2-16GB (2)","FindKeyWithDigest_Kernel(unsigned int, unsigned int, unsigned int, unsigned int, int, int, int, int*, unsigned char*, unsigned int*)",10,"flop_sp_efficiency","FLOP Efficiency(Peak Single)",0.000000%,0.000000%,0.000000%
"Tesla P100-SXM2-16GB (2)","FindKeyWithDigest_Kernel(unsigned int, unsigned int, unsigned int, unsigned int, int, int, int, int*, unsigned char*, unsigned int*)",10,"flop_dp_efficiency","FLOP Efficiency(Peak Double)",0.000000%,0.000000%,0.000000%
"Tesla P100-SXM2-16GB (2)","FindKeyWithDigest_Kernel(unsigned int, unsigned int, unsigned int, unsigned int, int, int, int, int*, unsigned char*, unsigned int*)",10,"sysmem_read_utilization","System Memory Read Utilization","Idle (0)","Idle (0)","Idle (0)"
"Tesla P100-SXM2-16GB (2)","FindKeyWithDigest_Kernel(unsigned int, unsigned int, unsigned int, unsigned int, int, int, int, int*, unsigned char*, unsigned int*)",10,"sysmem_write_utilization","System Memory Write Utilization","Low (1)","Low (1)","Low (1)"
"Tesla P100-SXM2-16GB (2)","FindKeyWithDigest_Kernel(unsigned int, unsigned int, unsigned int, unsigned int, int, int, int, int*, unsigned char*, unsigned int*)",10,"pcie_total_data_transmitted","PCIe Total Data Transmitted",0,512,256
"Tesla P100-SXM2-16GB (2)","FindKeyWithDigest_Kernel(unsigned int, unsigned int, unsigned int, unsigned int, int, int, int, int*, unsigned char*, unsigned int*)",10,"pcie_total_data_received","PCIe Total Data Received",0,0,0
"Tesla P100-SXM2-16GB (2)","FindKeyWithDigest_Kernel(unsigned int, unsigned int, unsigned int, unsigned int, int, int, int, int*, unsigned char*, unsigned int*)",10,"inst_executed_global_loads","Warp level instructions for global loads",0,0,0
"Tesla P100-SXM2-16GB (2)","FindKeyWithDigest_Kernel(unsigned int, unsigned int, unsigned int, unsigned int, int, int, int, int*, unsigned char*, unsigned int*)",10,"inst_executed_local_loads","Warp level instructions for local loads",0,0,0
"Tesla P100-SXM2-16GB (2)","FindKeyWithDigest_Kernel(unsigned int, unsigned int, unsigned int, unsigned int, int, int, int, int*, unsigned char*, unsigned int*)",10,"inst_executed_shared_loads","Warp level instructions for shared loads",0,0,0
"Tesla P100-SXM2-16GB (2)","FindKeyWithDigest_Kernel(unsigned int, unsigned int, unsigned int, unsigned int, int, int, int, int*, unsigned char*, unsigned int*)",10,"inst_executed_surface_loads","Warp level instructions for surface loads",0,0,0
"Tesla P100-SXM2-16GB (2)","FindKeyWithDigest_Kernel(unsigned int, unsigned int, unsigned int, unsigned int, int, int, int, int*, unsigned char*, unsigned int*)",10,"inst_executed_global_stores","Warp level instructions for global stores",13,13,13
"Tesla P100-SXM2-16GB (2)","FindKeyWithDigest_Kernel(unsigned int, unsigned int, unsigned int, unsigned int, int, int, int, int*, unsigned char*, unsigned int*)",10,"inst_executed_local_stores","Warp level instructions for local stores",0,0,0
"Tesla P100-SXM2-16GB (2)","FindKeyWithDigest_Kernel(unsigned int, unsigned int, unsigned int, unsigned int, int, int, int, int*, unsigned char*, unsigned int*)",10,"inst_executed_shared_stores","Warp level instructions for shared stores",0,0,0
"Tesla P100-SXM2-16GB (2)","FindKeyWithDigest_Kernel(unsigned int, unsigned int, unsigned int, unsigned int, int, int, int, int*, unsigned char*, unsigned int*)",10,"inst_executed_surface_stores","Warp level instructions for surface stores",0,0,0
"Tesla P100-SXM2-16GB (2)","FindKeyWithDigest_Kernel(unsigned int, unsigned int, unsigned int, unsigned int, int, int, int, int*, unsigned char*, unsigned int*)",10,"inst_executed_global_atomics","Warp level instructions for global atom and atom cas",0,0,0
"Tesla P100-SXM2-16GB (2)","FindKeyWithDigest_Kernel(unsigned int, unsigned int, unsigned int, unsigned int, int, int, int, int*, unsigned char*, unsigned int*)",10,"inst_executed_global_reductions","Warp level instructions for global reductions",0,0,0
"Tesla P100-SXM2-16GB (2)","FindKeyWithDigest_Kernel(unsigned int, unsigned int, unsigned int, unsigned int, int, int, int, int*, unsigned char*, unsigned int*)",10,"inst_executed_surface_atomics","Warp level instructions for surface atom and atom cas",0,0,0
"Tesla P100-SXM2-16GB (2)","FindKeyWithDigest_Kernel(unsigned int, unsigned int, unsigned int, unsigned int, int, int, int, int*, unsigned char*, unsigned int*)",10,"inst_executed_surface_reductions","Warp level instructions for surface reductions",0,0,0
"Tesla P100-SXM2-16GB (2)","FindKeyWithDigest_Kernel(unsigned int, unsigned int, unsigned int, unsigned int, int, int, int, int*, unsigned char*, unsigned int*)",10,"inst_executed_shared_atomics","Warp level shared instructions for atom and atom CAS",0,0,0
"Tesla P100-SXM2-16GB (2)","FindKeyWithDigest_Kernel(unsigned int, unsigned int, unsigned int, unsigned int, int, int, int, int*, unsigned char*, unsigned int*)",10,"inst_executed_tex_ops","Warp level instructions for texture",0,0,0
"Tesla P100-SXM2-16GB (2)","FindKeyWithDigest_Kernel(unsigned int, unsigned int, unsigned int, unsigned int, int, int, int, int*, unsigned char*, unsigned int*)",10,"l2_global_load_bytes","Bytes read from L2 for misses in Unified Cache for global loads",0,0,0
"Tesla P100-SXM2-16GB (2)","FindKeyWithDigest_Kernel(unsigned int, unsigned int, unsigned int, unsigned int, int, int, int, int*, unsigned char*, unsigned int*)",10,"l2_local_load_bytes","Bytes read from L2 for misses in Unified Cache for local loads",0,0,0
"Tesla P100-SXM2-16GB (2)","FindKeyWithDigest_Kernel(unsigned int, unsigned int, unsigned int, unsigned int, int, int, int, int*, unsigned char*, unsigned int*)",10,"l2_surface_load_bytes","Bytes read from L2 for misses in Unified Cache for surface loads",0,0,0
"Tesla P100-SXM2-16GB (2)","FindKeyWithDigest_Kernel(unsigned int, unsigned int, unsigned int, unsigned int, int, int, int, int*, unsigned char*, unsigned int*)",10,"dram_read_bytes","Total bytes read from DRAM to L2 cache",0,0,0
"Tesla P100-SXM2-16GB (2)","FindKeyWithDigest_Kernel(unsigned int, unsigned int, unsigned int, unsigned int, int, int, int, int*, unsigned char*, unsigned int*)",10,"dram_write_bytes","Total bytes written from L2 cache to DRAM",0,384,204
"Tesla P100-SXM2-16GB (2)","FindKeyWithDigest_Kernel(unsigned int, unsigned int, unsigned int, unsigned int, int, int, int, int*, unsigned char*, unsigned int*)",10,"l2_local_global_store_bytes","Bytes written to L2 from Unified Cache for local and global stores.",416,416,416
"Tesla P100-SXM2-16GB (2)","FindKeyWithDigest_Kernel(unsigned int, unsigned int, unsigned int, unsigned int, int, int, int, int*, unsigned char*, unsigned int*)",10,"l2_global_reduction_bytes","Bytes written to L2 from Unified cache for global reductions",0,0,0
"Tesla P100-SXM2-16GB (2)","FindKeyWithDigest_Kernel(unsigned int, unsigned int, unsigned int, unsigned int, int, int, int, int*, unsigned char*, unsigned int*)",10,"l2_global_atomic_store_bytes","Bytes written to L2 from Unified cache for global atomics",0,0,0
"Tesla P100-SXM2-16GB (2)","FindKeyWithDigest_Kernel(unsigned int, unsigned int, unsigned int, unsigned int, int, int, int, int*, unsigned char*, unsigned int*)",10,"l2_surface_store_bytes","Bytes written to L2 from Unified Cache for surface stores.",0,0,0
"Tesla P100-SXM2-16GB (2)","FindKeyWithDigest_Kernel(unsigned int, unsigned int, unsigned int, unsigned int, int, int, int, int*, unsigned char*, unsigned int*)",10,"l2_surface_reduction_bytes","Bytes written to L2 from Unified Cache for surface reductions",0,0,0
"Tesla P100-SXM2-16GB (2)","FindKeyWithDigest_Kernel(unsigned int, unsigned int, unsigned int, unsigned int, int, int, int, int*, unsigned char*, unsigned int*)",10,"l2_surface_atomic_store_bytes","Bytes transferred between Unified Cache and L2 for surface atomics",0,0,0
"Tesla P100-SXM2-16GB (2)","FindKeyWithDigest_Kernel(unsigned int, unsigned int, unsigned int, unsigned int, int, int, int, int*, unsigned char*, unsigned int*)",10,"global_load_requests","Total number of global load requests from Multiprocessor",0,0,0
"Tesla P100-SXM2-16GB (2)","FindKeyWithDigest_Kernel(unsigned int, unsigned int, unsigned int, unsigned int, int, int, int, int*, unsigned char*, unsigned int*)",10,"local_load_requests","Total number of local load requests from Multiprocessor",0,0,0
"Tesla P100-SXM2-16GB (2)","FindKeyWithDigest_Kernel(unsigned int, unsigned int, unsigned int, unsigned int, int, int, int, int*, unsigned char*, unsigned int*)",10,"surface_load_requests","Total number of surface load requests from Multiprocessor",0,0,0
"Tesla P100-SXM2-16GB (2)","FindKeyWithDigest_Kernel(unsigned int, unsigned int, unsigned int, unsigned int, int, int, int, int*, unsigned char*, unsigned int*)",10,"global_store_requests","Total number of global store requests from Multiprocessor",13,13,13
"Tesla P100-SXM2-16GB (2)","FindKeyWithDigest_Kernel(unsigned int, unsigned int, unsigned int, unsigned int, int, int, int, int*, unsigned char*, unsigned int*)",10,"local_store_requests","Total number of local store requests from Multiprocessor",0,0,0
"Tesla P100-SXM2-16GB (2)","FindKeyWithDigest_Kernel(unsigned int, unsigned int, unsigned int, unsigned int, int, int, int, int*, unsigned char*, unsigned int*)",10,"surface_store_requests","Total number of surface store requests from Multiprocessor",0,0,0
"Tesla P100-SXM2-16GB (2)","FindKeyWithDigest_Kernel(unsigned int, unsigned int, unsigned int, unsigned int, int, int, int, int*, unsigned char*, unsigned int*)",10,"global_atomic_requests","Total number of global atomic requests from Multiprocessor",0,0,0
"Tesla P100-SXM2-16GB (2)","FindKeyWithDigest_Kernel(unsigned int, unsigned int, unsigned int, unsigned int, int, int, int, int*, unsigned char*, unsigned int*)",10,"global_reduction_requests","Total number of global reduction requests from Multiprocessor",0,0,0
"Tesla P100-SXM2-16GB (2)","FindKeyWithDigest_Kernel(unsigned int, unsigned int, unsigned int, unsigned int, int, int, int, int*, unsigned char*, unsigned int*)",10,"surface_atomic_requests","Total number of surface atomic requests from Multiprocessor",0,0,0
"Tesla P100-SXM2-16GB (2)","FindKeyWithDigest_Kernel(unsigned int, unsigned int, unsigned int, unsigned int, int, int, int, int*, unsigned char*, unsigned int*)",10,"surface_reduction_requests","Total number of surface reduction requests from Multiprocessor",0,0,0
"Tesla P100-SXM2-16GB (2)","FindKeyWithDigest_Kernel(unsigned int, unsigned int, unsigned int, unsigned int, int, int, int, int*, unsigned char*, unsigned int*)",10,"sysmem_read_bytes","System Memory Read Bytes",0,0,0
"Tesla P100-SXM2-16GB (2)","FindKeyWithDigest_Kernel(unsigned int, unsigned int, unsigned int, unsigned int, int, int, int, int*, unsigned char*, unsigned int*)",10,"sysmem_write_bytes","System Memory Write Bytes",160,160,160
"Tesla P100-SXM2-16GB (2)","FindKeyWithDigest_Kernel(unsigned int, unsigned int, unsigned int, unsigned int, int, int, int, int*, unsigned char*, unsigned int*)",10,"l2_tex_hit_rate","L2 Cache Hit Rate",100.000000%,100.000000%,100.000000%
"Tesla P100-SXM2-16GB (2)","FindKeyWithDigest_Kernel(unsigned int, unsigned int, unsigned int, unsigned int, int, int, int, int*, unsigned char*, unsigned int*)",10,"texture_load_requests","Total number of texture Load requests from Multiprocessor",0,0,0
"Tesla P100-SXM2-16GB (2)","FindKeyWithDigest_Kernel(unsigned int, unsigned int, unsigned int, unsigned int, int, int, int, int*, unsigned char*, unsigned int*)",10,"unique_warps_launched","Number of warps launched",31260,31260,31260
