==17767== NVPROF is profiling process 17767, command: ./BFS -s 1 -n 3
==17767== Some kernel(s) will be replayed on device 2 in order to collect all events/metrics.
==17767== Profiling application: ./BFS -s 1 -n 3
==17767== Profiling result:
==17767== Metric result:
"Device","Kernel","Invocations","Metric Name","Metric Description","Min","Max","Avg"
"Tesla P100-SXM2-16GB (2)","BFS_kernel_warp(unsigned int*, unsigned int*, unsigned int*, int, int, unsigned int, int, int*)",30,"inst_per_warp","Instructions per warp",407.625000,834.625000,494.250000
"Tesla P100-SXM2-16GB (2)","BFS_kernel_warp(unsigned int*, unsigned int*, unsigned int*, int, int, unsigned int, int, int*)",30,"branch_efficiency","Branch Efficiency",100.000000%,100.000000%,100.000000%
"Tesla P100-SXM2-16GB (2)","BFS_kernel_warp(unsigned int*, unsigned int*, unsigned int*, int, int, unsigned int, int, int*)",30,"warp_execution_efficiency","Warp Execution Efficiency",62.752265%,99.849069%,90.682886%
"Tesla P100-SXM2-16GB (2)","BFS_kernel_warp(unsigned int*, unsigned int*, unsigned int*, int, int, unsigned int, int, int*)",30,"warp_nonpred_execution_efficiency","Warp Non-Predicated Execution Efficiency",59.744505%,98.368024%,88.772707%
"Tesla P100-SXM2-16GB (2)","BFS_kernel_warp(unsigned int*, unsigned int*, unsigned int*, int, int, unsigned int, int, int*)",30,"inst_replay_overhead","Instruction Replay Overhead",0.002396,0.004906,0.004275
"Tesla P100-SXM2-16GB (2)","BFS_kernel_warp(unsigned int*, unsigned int*, unsigned int*, int, int, unsigned int, int, int*)",30,"shared_load_transactions_per_request","Shared Memory Load Transactions Per Request",0.000000,0.000000,0.000000
"Tesla P100-SXM2-16GB (2)","BFS_kernel_warp(unsigned int*, unsigned int*, unsigned int*, int, int, unsigned int, int, int*)",30,"shared_store_transactions_per_request","Shared Memory Store Transactions Per Request",0.000000,0.000000,0.000000
"Tesla P100-SXM2-16GB (2)","BFS_kernel_warp(unsigned int*, unsigned int*, unsigned int*, int, int, unsigned int, int, int*)",30,"local_load_transactions_per_request","Local Memory Load Transactions Per Request",0.000000,0.000000,0.000000
"Tesla P100-SXM2-16GB (2)","BFS_kernel_warp(unsigned int*, unsigned int*, unsigned int*, int, int, unsigned int, int, int*)",30,"local_store_transactions_per_request","Local Memory Store Transactions Per Request",0.000000,0.000000,0.000000
"Tesla P100-SXM2-16GB (2)","BFS_kernel_warp(unsigned int*, unsigned int*, unsigned int*, int, int, unsigned int, int, int*)",30,"gld_transactions_per_request","Global Load Transactions Per Request",12.030447,15.978088,14.836182
"Tesla P100-SXM2-16GB (2)","BFS_kernel_warp(unsigned int*, unsigned int*, unsigned int*, int, int, unsigned int, int, int*)",30,"gst_transactions_per_request","Global Store Transactions Per Request",0.000000,1.125000,0.982617
"Tesla P100-SXM2-16GB (2)","BFS_kernel_warp(unsigned int*, unsigned int*, unsigned int*, int, int, unsigned int, int, int*)",30,"shared_store_transactions","Shared Store Transactions",0,0,0
"Tesla P100-SXM2-16GB (2)","BFS_kernel_warp(unsigned int*, unsigned int*, unsigned int*, int, int, unsigned int, int, int*)",30,"shared_load_transactions","Shared Load Transactions",0,0,0
"Tesla P100-SXM2-16GB (2)","BFS_kernel_warp(unsigned int*, unsigned int*, unsigned int*, int, int, unsigned int, int, int*)",30,"local_load_transactions","Local Load Transactions",0,0,0
"Tesla P100-SXM2-16GB (2)","BFS_kernel_warp(unsigned int*, unsigned int*, unsigned int*, int, int, unsigned int, int, int*)",30,"local_store_transactions","Local Store Transactions",0,0,0
"Tesla P100-SXM2-16GB (2)","BFS_kernel_warp(unsigned int*, unsigned int*, unsigned int*, int, int, unsigned int, int, int*)",30,"gld_transactions","Global Load Transactions",16042,35562,20002
"Tesla P100-SXM2-16GB (2)","BFS_kernel_warp(unsigned int*, unsigned int*, unsigned int*, int, int, unsigned int, int, int*)",30,"gst_transactions","Global Store Transactions",0,551,112
"Tesla P100-SXM2-16GB (2)","BFS_kernel_warp(unsigned int*, unsigned int*, unsigned int*, int, int, unsigned int, int, int*)",30,"sysmem_read_transactions","System Memory Read Transactions",0,0,0
"Tesla P100-SXM2-16GB (2)","BFS_kernel_warp(unsigned int*, unsigned int*, unsigned int*, int, int, unsigned int, int, int*)",30,"sysmem_write_transactions","System Memory Write Transactions",5,5,5
"Tesla P100-SXM2-16GB (2)","BFS_kernel_warp(unsigned int*, unsigned int*, unsigned int*, int, int, unsigned int, int, int*)",30,"l2_read_transactions","L2 Read Transactions",144,615,249
"Tesla P100-SXM2-16GB (2)","BFS_kernel_warp(unsigned int*, unsigned int*, unsigned int*, int, int, unsigned int, int, int*)",30,"l2_write_transactions","L2 Write Transactions",13,564,125
"Tesla P100-SXM2-16GB (2)","BFS_kernel_warp(unsigned int*, unsigned int*, unsigned int*, int, int, unsigned int, int, int*)",30,"dram_read_transactions","Device Memory Read Transactions",0,0,0
"Tesla P100-SXM2-16GB (2)","BFS_kernel_warp(unsigned int*, unsigned int*, unsigned int*, int, int, unsigned int, int, int*)",30,"dram_write_transactions","Device Memory Write Transactions",0,4,2
"Tesla P100-SXM2-16GB (2)","BFS_kernel_warp(unsigned int*, unsigned int*, unsigned int*, int, int, unsigned int, int, int*)",30,"global_hit_rate","Global Hit Rate in unified l1/tex",74.947721%,91.542625%,84.354496%
"Tesla P100-SXM2-16GB (2)","BFS_kernel_warp(unsigned int*, unsigned int*, unsigned int*, int, int, unsigned int, int, int*)",30,"local_hit_rate","Local Hit Rate",0.000000%,0.000000%,0.000000%
"Tesla P100-SXM2-16GB (2)","BFS_kernel_warp(unsigned int*, unsigned int*, unsigned int*, int, int, unsigned int, int, int*)",30,"gld_requested_throughput","Requested Global Load Throughput",201.601438MB/s,476.434219MB/s,307.158940MB/s
"Tesla P100-SXM2-16GB (2)","BFS_kernel_warp(unsigned int*, unsigned int*, unsigned int*, int, int, unsigned int, int, int*)",30,"gst_requested_throughput","Requested Global Store Throughput",0.000000B/s,91.139502MB/s,28.784110MB/s
"Tesla P100-SXM2-16GB (2)","BFS_kernel_warp(unsigned int*, unsigned int*, unsigned int*, int, int, unsigned int, int, int*)",30,"gld_throughput","Global Load Throughput",1.474692GB/s,3.722142GB/s,2.211858GB/s
"Tesla P100-SXM2-16GB (2)","BFS_kernel_warp(unsigned int*, unsigned int*, unsigned int*, int, int, unsigned int, int, int*)",30,"gst_throughput","Global Store Throughput",0.000000B/s,547.333687MB/s,172.666474MB/s
"Tesla P100-SXM2-16GB (2)","BFS_kernel_warp(unsigned int*, unsigned int*, unsigned int*, int, int, unsigned int, int, int*)",30,"local_memory_overhead","Local Memory Overhead",0.000000%,0.000000%,0.000000%
"Tesla P100-SXM2-16GB (2)","BFS_kernel_warp(unsigned int*, unsigned int*, unsigned int*, int, int, unsigned int, int, int*)",30,"tex_cache_hit_rate","Unified Cache Hit Rate",84.755282%,97.187852%,93.807911%
"Tesla P100-SXM2-16GB (2)","BFS_kernel_warp(unsigned int*, unsigned int*, unsigned int*, int, int, unsigned int, int, int*)",30,"l2_tex_read_hit_rate","L2 Hit Rate (Texture Reads)",99.378882%,100.000000%,99.923480%
"Tesla P100-SXM2-16GB (2)","BFS_kernel_warp(unsigned int*, unsigned int*, unsigned int*, int, int, unsigned int, int, int*)",30,"l2_tex_write_hit_rate","L2 Hit Rate (Texture Writes)",0.000000%,100.000000%,90.000000%
"Tesla P100-SXM2-16GB (2)","BFS_kernel_warp(unsigned int*, unsigned int*, unsigned int*, int, int, unsigned int, int, int*)",30,"dram_read_throughput","Device Memory Read Throughput",0.000000B/s,0.000000B/s,0.000000B/s
"Tesla P100-SXM2-16GB (2)","BFS_kernel_warp(unsigned int*, unsigned int*, unsigned int*, int, int, unsigned int, int, int*)",30,"dram_write_throughput","Device Memory Write Throughput",0.000000B/s,10.257147MB/s,3.277156MB/s
"Tesla P100-SXM2-16GB (2)","BFS_kernel_warp(unsigned int*, unsigned int*, unsigned int*, int, int, unsigned int, int, int*)",30,"tex_cache_throughput","Unified Cache Throughput",5.385263GB/s,11.194129GB/s,7.500874GB/s
"Tesla P100-SXM2-16GB (2)","BFS_kernel_warp(unsigned int*, unsigned int*, unsigned int*, int, int, unsigned int, int, int*)",30,"l2_tex_read_throughput","L2 Throughput (Texture Reads)",237.555834MB/s,584.087492MB/s,358.185685MB/s
"Tesla P100-SXM2-16GB (2)","BFS_kernel_warp(unsigned int*, unsigned int*, unsigned int*, int, int, unsigned int, int, int*)",30,"l2_tex_write_throughput","L2 Throughput (Texture Writes)",0.000000B/s,547.333687MB/s,172.666474MB/s
"Tesla P100-SXM2-16GB (2)","BFS_kernel_warp(unsigned int*, unsigned int*, unsigned int*, int, int, unsigned int, int, int*)",30,"l2_read_throughput","L2 Throughput (Reads)",258.101203MB/s,610.907836MB/s,383.583844MB/s
"Tesla P100-SXM2-16GB (2)","BFS_kernel_warp(unsigned int*, unsigned int*, unsigned int*, int, int, unsigned int, int, int*)",30,"l2_write_throughput","L2 Throughput (Writes)",16.693112MB/s,560.247186MB/s,192.636796MB/s
"Tesla P100-SXM2-16GB (2)","BFS_kernel_warp(unsigned int*, unsigned int*, unsigned int*, int, int, unsigned int, int, int*)",30,"sysmem_read_throughput","System Memory Read Throughput",0.000000B/s,0.000000B/s,0.000000B/s
"Tesla P100-SXM2-16GB (2)","BFS_kernel_warp(unsigned int*, unsigned int*, unsigned int*, int, int, unsigned int, int, int*)",30,"sysmem_write_throughput","System Memory Write Throughput",4.916638MB/s,12.821434MB/s,7.680846MB/s
"Tesla P100-SXM2-16GB (2)","BFS_kernel_warp(unsigned int*, unsigned int*, unsigned int*, int, int, unsigned int, int, int*)",30,"local_load_throughput","Local Memory Load Throughput",0.000000B/s,0.000000B/s,0.000000B/s
"Tesla P100-SXM2-16GB (2)","BFS_kernel_warp(unsigned int*, unsigned int*, unsigned int*, int, int, unsigned int, int, int*)",30,"local_store_throughput","Local Memory Store Throughput",0.000000B/s,0.000000B/s,0.000000B/s
"Tesla P100-SXM2-16GB (2)","BFS_kernel_warp(unsigned int*, unsigned int*, unsigned int*, int, int, unsigned int, int, int*)",30,"shared_load_throughput","Shared Memory Load Throughput",0.000000B/s,0.000000B/s,0.000000B/s
"Tesla P100-SXM2-16GB (2)","BFS_kernel_warp(unsigned int*, unsigned int*, unsigned int*, int, int, unsigned int, int, int*)",30,"shared_store_throughput","Shared Memory Store Throughput",0.000000B/s,0.000000B/s,0.000000B/s
"Tesla P100-SXM2-16GB (2)","BFS_kernel_warp(unsigned int*, unsigned int*, unsigned int*, int, int, unsigned int, int, int*)",30,"gld_efficiency","Global Memory Load Efficiency",12.500000%,15.694270%,13.382912%
"Tesla P100-SXM2-16GB (2)","BFS_kernel_warp(unsigned int*, unsigned int*, unsigned int*, int, int, unsigned int, int, int*)",30,"gst_efficiency","Global Memory Store Efficiency",0.000000%,18.750000%,15.415154%
"Tesla P100-SXM2-16GB (2)","BFS_kernel_warp(unsigned int*, unsigned int*, unsigned int*, int, int, unsigned int, int, int*)",30,"tex_cache_transactions","Unified Cache Transactions",4010,8890,5000
"Tesla P100-SXM2-16GB (2)","BFS_kernel_warp(unsigned int*, unsigned int*, unsigned int*, int, int, unsigned int, int, int*)",30,"flop_count_dp","Floating Point Operations(Double Precision)",0,0,0
"Tesla P100-SXM2-16GB (2)","BFS_kernel_warp(unsigned int*, unsigned int*, unsigned int*, int, int, unsigned int, int, int*)",30,"flop_count_dp_add","Floating Point Operations(Double Precision Add)",0,0,0
"Tesla P100-SXM2-16GB (2)","BFS_kernel_warp(unsigned int*, unsigned int*, unsigned int*, int, int, unsigned int, int, int*)",30,"flop_count_dp_fma","Floating Point Operations(Double Precision FMA)",0,0,0
"Tesla P100-SXM2-16GB (2)","BFS_kernel_warp(unsigned int*, unsigned int*, unsigned int*, int, int, unsigned int, int, int*)",30,"flop_count_dp_mul","Floating Point Operations(Double Precision Mul)",0,0,0
"Tesla P100-SXM2-16GB (2)","BFS_kernel_warp(unsigned int*, unsigned int*, unsigned int*, int, int, unsigned int, int, int*)",30,"flop_count_sp","Floating Point Operations(Single Precision)",0,0,0
"Tesla P100-SXM2-16GB (2)","BFS_kernel_warp(unsigned int*, unsigned int*, unsigned int*, int, int, unsigned int, int, int*)",30,"flop_count_sp_add","Floating Point Operations(Single Precision Add)",0,0,0
"Tesla P100-SXM2-16GB (2)","BFS_kernel_warp(unsigned int*, unsigned int*, unsigned int*, int, int, unsigned int, int, int*)",30,"flop_count_sp_fma","Floating Point Operations(Single Precision FMA)",0,0,0
"Tesla P100-SXM2-16GB (2)","BFS_kernel_warp(unsigned int*, unsigned int*, unsigned int*, int, int, unsigned int, int, int*)",30,"flop_count_sp_mul","Floating Point Operation(Single Precision Mul)",0,0,0
"Tesla P100-SXM2-16GB (2)","BFS_kernel_warp(unsigned int*, unsigned int*, unsigned int*, int, int, unsigned int, int, int*)",30,"flop_count_sp_special","Floating Point Operations(Single Precision Special)",1024,1024,1024
"Tesla P100-SXM2-16GB (2)","BFS_kernel_warp(unsigned int*, unsigned int*, unsigned int*, int, int, unsigned int, int, int*)",30,"inst_executed","Instructions Executed",13044,26708,15816
"Tesla P100-SXM2-16GB (2)","BFS_kernel_warp(unsigned int*, unsigned int*, unsigned int*, int, int, unsigned int, int, int*)",30,"inst_issued","Instructions Issued",13108,26772,15880
"Tesla P100-SXM2-16GB (2)","BFS_kernel_warp(unsigned int*, unsigned int*, unsigned int*, int, int, unsigned int, int, int*)",30,"dram_utilization","Device Memory Utilization","Idle (0)","Low (1)","Idle (0)"
"Tesla P100-SXM2-16GB (2)","BFS_kernel_warp(unsigned int*, unsigned int*, unsigned int*, int, int, unsigned int, int, int*)",30,"sysmem_utilization","System Memory Utilization","Low (1)","Low (1)","Low (1)"
"Tesla P100-SXM2-16GB (2)","BFS_kernel_warp(unsigned int*, unsigned int*, unsigned int*, int, int, unsigned int, int, int*)",30,"stall_inst_fetch","Issue Stall Reasons (Instructions Fetch)",7.148791%,11.611339%,10.001854%
"Tesla P100-SXM2-16GB (2)","BFS_kernel_warp(unsigned int*, unsigned int*, unsigned int*, int, int, unsigned int, int, int*)",30,"stall_exec_dependency","Issue Stall Reasons (Execution Dependency)",13.735239%,17.387374%,14.934008%
"Tesla P100-SXM2-16GB (2)","BFS_kernel_warp(unsigned int*, unsigned int*, unsigned int*, int, int, unsigned int, int, int*)",30,"stall_memory_dependency","Issue Stall Reasons (Data Request)",42.177275%,65.480860%,50.414907%
"Tesla P100-SXM2-16GB (2)","BFS_kernel_warp(unsigned int*, unsigned int*, unsigned int*, int, int, unsigned int, int, int*)",30,"stall_texture","Issue Stall Reasons (Texture)",0.000000%,0.000000%,0.000000%
"Tesla P100-SXM2-16GB (2)","BFS_kernel_warp(unsigned int*, unsigned int*, unsigned int*, int, int, unsigned int, int, int*)",30,"stall_sync","Issue Stall Reasons (Synchronization)",0.000000%,0.000000%,0.000000%
"Tesla P100-SXM2-16GB (2)","BFS_kernel_warp(unsigned int*, unsigned int*, unsigned int*, int, int, unsigned int, int, int*)",30,"stall_other","Issue Stall Reasons (Other)",10.106816%,25.929257%,20.032932%
"Tesla P100-SXM2-16GB (2)","BFS_kernel_warp(unsigned int*, unsigned int*, unsigned int*, int, int, unsigned int, int, int*)",30,"stall_constant_memory_dependency","Issue Stall Reasons (Immediate constant)",1.833380%,3.205390%,2.690747%
"Tesla P100-SXM2-16GB (2)","BFS_kernel_warp(unsigned int*, unsigned int*, unsigned int*, int, int, unsigned int, int, int*)",30,"stall_pipe_busy","Issue Stall Reasons (Pipe Busy)",0.429962%,0.670315%,0.488217%
"Tesla P100-SXM2-16GB (2)","BFS_kernel_warp(unsigned int*, unsigned int*, unsigned int*, int, int, unsigned int, int, int*)",30,"shared_efficiency","Shared Memory Efficiency",0.000000%,0.000000%,0.000000%
"Tesla P100-SXM2-16GB (2)","BFS_kernel_warp(unsigned int*, unsigned int*, unsigned int*, int, int, unsigned int, int, int*)",30,"inst_fp_32","FP Instructions(Single)",1024,1024,1024
"Tesla P100-SXM2-16GB (2)","BFS_kernel_warp(unsigned int*, unsigned int*, unsigned int*, int, int, unsigned int, int, int*)",30,"inst_fp_64","FP Instructions(Double)",0,0,0
"Tesla P100-SXM2-16GB (2)","BFS_kernel_warp(unsigned int*, unsigned int*, unsigned int*, int, int, unsigned int, int, int*)",30,"inst_integer","Integer Instructions",269205,336537,283952
"Tesla P100-SXM2-16GB (2)","BFS_kernel_warp(unsigned int*, unsigned int*, unsigned int*, int, int, unsigned int, int, int*)",30,"inst_bit_convert","Bit-Convert Instructions",4096,4096,4096
"Tesla P100-SXM2-16GB (2)","BFS_kernel_warp(unsigned int*, unsigned int*, unsigned int*, int, int, unsigned int, int, int*)",30,"inst_control","Control-Flow Instructions",96000,96000,96000
"Tesla P100-SXM2-16GB (2)","BFS_kernel_warp(unsigned int*, unsigned int*, unsigned int*, int, int, unsigned int, int, int*)",30,"inst_compute_ld_st","Load/Store Instructions",32072,64274,38999
"Tesla P100-SXM2-16GB (2)","BFS_kernel_warp(unsigned int*, unsigned int*, unsigned int*, int, int, unsigned int, int, int*)",30,"inst_misc","Misc Instructions",8200,10404,8691
"Tesla P100-SXM2-16GB (2)","BFS_kernel_warp(unsigned int*, unsigned int*, unsigned int*, int, int, unsigned int, int, int*)",30,"inst_inter_thread_communication","Inter-Thread Instructions",0,0,0
"Tesla P100-SXM2-16GB (2)","BFS_kernel_warp(unsigned int*, unsigned int*, unsigned int*, int, int, unsigned int, int, int*)",30,"issue_slots","Issue Slots",12044,25708,14816
"Tesla P100-SXM2-16GB (2)","BFS_kernel_warp(unsigned int*, unsigned int*, unsigned int*, int, int, unsigned int, int, int*)",30,"cf_issued","Issued Control-Flow Instructions",3067,4531,3364
"Tesla P100-SXM2-16GB (2)","BFS_kernel_warp(unsigned int*, unsigned int*, unsigned int*, int, int, unsigned int, int, int*)",30,"cf_executed","Executed Control-Flow Instructions",3067,4531,3364
"Tesla P100-SXM2-16GB (2)","BFS_kernel_warp(unsigned int*, unsigned int*, unsigned int*, int, int, unsigned int, int, int*)",30,"ldst_issued","Issued Load/Store Instructions",4076,8954,5164
"Tesla P100-SXM2-16GB (2)","BFS_kernel_warp(unsigned int*, unsigned int*, unsigned int*, int, int, unsigned int, int, int*)",30,"ldst_executed","Executed Load/Store Instructions",1070,3998,1664
"Tesla P100-SXM2-16GB (2)","BFS_kernel_warp(unsigned int*, unsigned int*, unsigned int*, int, int, unsigned int, int, int*)",30,"atomic_transactions","Atomic Transactions",0,0,0
"Tesla P100-SXM2-16GB (2)","BFS_kernel_warp(unsigned int*, unsigned int*, unsigned int*, int, int, unsigned int, int, int*)",30,"atomic_transactions_per_request","Atomic Transactions Per Request",0.000000,0.000000,0.000000
"Tesla P100-SXM2-16GB (2)","BFS_kernel_warp(unsigned int*, unsigned int*, unsigned int*, int, int, unsigned int, int, int*)",30,"l2_atomic_throughput","L2 Throughput (Atomic requests)",0.000000B/s,0.000000B/s,0.000000B/s
"Tesla P100-SXM2-16GB (2)","BFS_kernel_warp(unsigned int*, unsigned int*, unsigned int*, int, int, unsigned int, int, int*)",30,"l2_atomic_transactions","L2 Transactions (Atomic requests)",0,0,0
"Tesla P100-SXM2-16GB (2)","BFS_kernel_warp(unsigned int*, unsigned int*, unsigned int*, int, int, unsigned int, int, int*)",30,"l2_tex_read_transactions","L2 Transactions (Texture Reads)",128,589,233
"Tesla P100-SXM2-16GB (2)","BFS_kernel_warp(unsigned int*, unsigned int*, unsigned int*, int, int, unsigned int, int, int*)",30,"stall_memory_throttle","Issue Stall Reasons (Memory Throttle)",0.005515%,0.045734%,0.010766%
"Tesla P100-SXM2-16GB (2)","BFS_kernel_warp(unsigned int*, unsigned int*, unsigned int*, int, int, unsigned int, int, int*)",30,"stall_not_selected","Issue Stall Reasons (Not Selected)",1.173831%,2.076719%,1.426570%
"Tesla P100-SXM2-16GB (2)","BFS_kernel_warp(unsigned int*, unsigned int*, unsigned int*, int, int, unsigned int, int, int*)",30,"l2_tex_write_transactions","L2 Transactions (Texture Writes)",0,551,112
"Tesla P100-SXM2-16GB (2)","BFS_kernel_warp(unsigned int*, unsigned int*, unsigned int*, int, int, unsigned int, int, int*)",30,"nvlink_total_data_transmitted","NVLink Total Data Transmitted",576,576,576
"Tesla P100-SXM2-16GB (2)","BFS_kernel_warp(unsigned int*, unsigned int*, unsigned int*, int, int, unsigned int, int, int*)",30,"nvlink_total_data_received","NVLink Total Data Received",384,384,384
"Tesla P100-SXM2-16GB (2)","BFS_kernel_warp(unsigned int*, unsigned int*, unsigned int*, int, int, unsigned int, int, int*)",30,"nvlink_user_data_transmitted","NVLink User Data Transmitted",0,0,0
"Tesla P100-SXM2-16GB (2)","BFS_kernel_warp(unsigned int*, unsigned int*, unsigned int*, int, int, unsigned int, int, int*)",30,"nvlink_user_data_received","NVLink User Data Received",0,0,0
"Tesla P100-SXM2-16GB (2)","BFS_kernel_warp(unsigned int*, unsigned int*, unsigned int*, int, int, unsigned int, int, int*)",30,"nvlink_overhead_data_transmitted","NVLink Overhead Data Transmitted",100.000000%,100.000000%,100.000000%
"Tesla P100-SXM2-16GB (2)","BFS_kernel_warp(unsigned int*, unsigned int*, unsigned int*, int, int, unsigned int, int, int*)",30,"nvlink_overhead_data_received","NVLink Overhead Data Received",100.000000%,100.000000%,100.000000%
"Tesla P100-SXM2-16GB (2)","BFS_kernel_warp(unsigned int*, unsigned int*, unsigned int*, int, int, unsigned int, int, int*)",30,"nvlink_total_nratom_data_transmitted","NVLink Total Nratom Data Transmitted",0,0,0
"Tesla P100-SXM2-16GB (2)","BFS_kernel_warp(unsigned int*, unsigned int*, unsigned int*, int, int, unsigned int, int, int*)",30,"nvlink_user_nratom_data_transmitted","NVLink User Nratom Data Transmitted",0,0,0
"Tesla P100-SXM2-16GB (2)","BFS_kernel_warp(unsigned int*, unsigned int*, unsigned int*, int, int, unsigned int, int, int*)",30,"nvlink_total_ratom_data_transmitted","NVLink Total Ratom Data Transmitted",0,0,0
"Tesla P100-SXM2-16GB (2)","BFS_kernel_warp(unsigned int*, unsigned int*, unsigned int*, int, int, unsigned int, int, int*)",30,"nvlink_user_ratom_data_transmitted","NVLink User Ratom Data Transmitted",0,0,0
"Tesla P100-SXM2-16GB (2)","BFS_kernel_warp(unsigned int*, unsigned int*, unsigned int*, int, int, unsigned int, int, int*)",30,"nvlink_total_write_data_transmitted","NVLink Total Write Data Transmitted",0,0,0
"Tesla P100-SXM2-16GB (2)","BFS_kernel_warp(unsigned int*, unsigned int*, unsigned int*, int, int, unsigned int, int, int*)",30,"nvlink_user_write_data_transmitted","NVLink User Write Data Transmitted",0,0,0
"Tesla P100-SXM2-16GB (2)","BFS_kernel_warp(unsigned int*, unsigned int*, unsigned int*, int, int, unsigned int, int, int*)",30,"nvlink_transmit_throughput","NVLink Transmit Throughput",17.699900MB/s,46.157164MB/s,27.651174MB/s
"Tesla P100-SXM2-16GB (2)","BFS_kernel_warp(unsigned int*, unsigned int*, unsigned int*, int, int, unsigned int, int, int*)",30,"nvlink_receive_throughput","NVLink Receive Throughput",11.799933MB/s,30.771442MB/s,18.434099MB/s
"Tesla P100-SXM2-16GB (2)","BFS_kernel_warp(unsigned int*, unsigned int*, unsigned int*, int, int, unsigned int, int, int*)",30,"nvlink_total_response_data_received","NVLink Total Response Data Received",0,0,0
"Tesla P100-SXM2-16GB (2)","BFS_kernel_warp(unsigned int*, unsigned int*, unsigned int*, int, int, unsigned int, int, int*)",30,"nvlink_user_response_data_received","NVLink User Response Data Received",0,0,0
"Tesla P100-SXM2-16GB (2)","BFS_kernel_warp(unsigned int*, unsigned int*, unsigned int*, int, int, unsigned int, int, int*)",30,"flop_count_hp","Floating Point Operations(Half Precision)",0,0,0
"Tesla P100-SXM2-16GB (2)","BFS_kernel_warp(unsigned int*, unsigned int*, unsigned int*, int, int, unsigned int, int, int*)",30,"flop_count_hp_add","Floating Point Operations(Half Precision Add)",0,0,0
"Tesla P100-SXM2-16GB (2)","BFS_kernel_warp(unsigned int*, unsigned int*, unsigned int*, int, int, unsigned int, int, int*)",30,"flop_count_hp_mul","Floating Point Operation(Half Precision Mul)",0,0,0
"Tesla P100-SXM2-16GB (2)","BFS_kernel_warp(unsigned int*, unsigned int*, unsigned int*, int, int, unsigned int, int, int*)",30,"flop_count_hp_fma","Floating Point Operations(Half Precision FMA)",0,0,0
"Tesla P100-SXM2-16GB (2)","BFS_kernel_warp(unsigned int*, unsigned int*, unsigned int*, int, int, unsigned int, int, int*)",30,"inst_fp_16","HP Instructions(Half)",0,0,0
"Tesla P100-SXM2-16GB (2)","BFS_kernel_warp(unsigned int*, unsigned int*, unsigned int*, int, int, unsigned int, int, int*)",30,"ipc","Executed IPC",0.457942,0.989404,0.729088
"Tesla P100-SXM2-16GB (2)","BFS_kernel_warp(unsigned int*, unsigned int*, unsigned int*, int, int, unsigned int, int, int*)",30,"issued_ipc","Issued IPC",0.458757,0.994235,0.726711
"Tesla P100-SXM2-16GB (2)","BFS_kernel_warp(unsigned int*, unsigned int*, unsigned int*, int, int, unsigned int, int, int*)",30,"issue_slot_utilization","Issue Slot Utilization",21.296810%,45.676578%,33.743861%
"Tesla P100-SXM2-16GB (2)","BFS_kernel_warp(unsigned int*, unsigned int*, unsigned int*, int, int, unsigned int, int, int*)",30,"sm_efficiency","Multiprocessor Activity",1.195455%,1.565562%,1.375985%
"Tesla P100-SXM2-16GB (2)","BFS_kernel_warp(unsigned int*, unsigned int*, unsigned int*, int, int, unsigned int, int, int*)",30,"achieved_occupancy","Achieved Occupancy",0.211867,0.443993,0.322783
"Tesla P100-SXM2-16GB (2)","BFS_kernel_warp(unsigned int*, unsigned int*, unsigned int*, int, int, unsigned int, int, int*)",30,"eligible_warps_per_cycle","Eligible Warps Per Active Cycle",0.588809,1.359477,0.958478
"Tesla P100-SXM2-16GB (2)","BFS_kernel_warp(unsigned int*, unsigned int*, unsigned int*, int, int, unsigned int, int, int*)",30,"shared_utilization","Shared Memory Utilization","Idle (0)","Idle (0)","Idle (0)"
"Tesla P100-SXM2-16GB (2)","BFS_kernel_warp(unsigned int*, unsigned int*, unsigned int*, int, int, unsigned int, int, int*)",30,"l2_utilization","L2 Cache Utilization","Low (1)","Low (1)","Low (1)"
"Tesla P100-SXM2-16GB (2)","BFS_kernel_warp(unsigned int*, unsigned int*, unsigned int*, int, int, unsigned int, int, int*)",30,"tex_utilization","Unified Cache Utilization","Low (1)","Low (1)","Low (1)"
"Tesla P100-SXM2-16GB (2)","BFS_kernel_warp(unsigned int*, unsigned int*, unsigned int*, int, int, unsigned int, int, int*)",30,"ldst_fu_utilization","Load/Store Function Unit Utilization","Low (1)","Low (1)","Low (1)"
"Tesla P100-SXM2-16GB (2)","BFS_kernel_warp(unsigned int*, unsigned int*, unsigned int*, int, int, unsigned int, int, int*)",30,"cf_fu_utilization","Control-Flow Function Unit Utilization","Low (1)","Low (2)","Low (1)"
"Tesla P100-SXM2-16GB (2)","BFS_kernel_warp(unsigned int*, unsigned int*, unsigned int*, int, int, unsigned int, int, int*)",30,"tex_fu_utilization","Texture Function Unit Utilization","Low (2)","Mid (4)","Low (2)"
"Tesla P100-SXM2-16GB (2)","BFS_kernel_warp(unsigned int*, unsigned int*, unsigned int*, int, int, unsigned int, int, int*)",30,"special_fu_utilization","Special Function Unit Utilization","Low (1)","Low (1)","Low (1)"
"Tesla P100-SXM2-16GB (2)","BFS_kernel_warp(unsigned int*, unsigned int*, unsigned int*, int, int, unsigned int, int, int*)",30,"half_precision_fu_utilization","Half-Precision Function Unit Utilization","Idle (0)","Idle (0)","Idle (0)"
"Tesla P100-SXM2-16GB (2)","BFS_kernel_warp(unsigned int*, unsigned int*, unsigned int*, int, int, unsigned int, int, int*)",30,"single_precision_fu_utilization","Single-Precision Function Unit Utilization","Low (2)","Mid (4)","Low (3)"
"Tesla P100-SXM2-16GB (2)","BFS_kernel_warp(unsigned int*, unsigned int*, unsigned int*, int, int, unsigned int, int, int*)",30,"double_precision_fu_utilization","Double-Precision Function Unit Utilization","Idle (0)","Idle (0)","Idle (0)"
"Tesla P100-SXM2-16GB (2)","BFS_kernel_warp(unsigned int*, unsigned int*, unsigned int*, int, int, unsigned int, int, int*)",30,"flop_hp_efficiency","FLOP Efficiency(Peak Half)",0.000000%,0.000000%,0.000000%
"Tesla P100-SXM2-16GB (2)","BFS_kernel_warp(unsigned int*, unsigned int*, unsigned int*, int, int, unsigned int, int, int*)",30,"flop_sp_efficiency","FLOP Efficiency(Peak Single)",0.000000%,0.000000%,0.000000%
"Tesla P100-SXM2-16GB (2)","BFS_kernel_warp(unsigned int*, unsigned int*, unsigned int*, int, int, unsigned int, int, int*)",30,"flop_dp_efficiency","FLOP Efficiency(Peak Double)",0.000000%,0.000000%,0.000000%
"Tesla P100-SXM2-16GB (2)","BFS_kernel_warp(unsigned int*, unsigned int*, unsigned int*, int, int, unsigned int, int, int*)",30,"sysmem_read_utilization","System Memory Read Utilization","Idle (0)","Idle (0)","Idle (0)"
"Tesla P100-SXM2-16GB (2)","BFS_kernel_warp(unsigned int*, unsigned int*, unsigned int*, int, int, unsigned int, int, int*)",30,"sysmem_write_utilization","System Memory Write Utilization","Low (1)","Low (1)","Low (1)"
"Tesla P100-SXM2-16GB (2)","BFS_kernel_warp(unsigned int*, unsigned int*, unsigned int*, int, int, unsigned int, int, int*)",30,"pcie_total_data_transmitted","PCIe Total Data Transmitted",0,512,238
"Tesla P100-SXM2-16GB (2)","BFS_kernel_warp(unsigned int*, unsigned int*, unsigned int*, int, int, unsigned int, int, int*)",30,"pcie_total_data_received","PCIe Total Data Received",0,512,85
"Tesla P100-SXM2-16GB (2)","BFS_kernel_warp(unsigned int*, unsigned int*, unsigned int*, int, int, unsigned int, int, int*)",30,"inst_executed_global_loads","Warp level instructions for global loads",1004,2956,1400
"Tesla P100-SXM2-16GB (2)","BFS_kernel_warp(unsigned int*, unsigned int*, unsigned int*, int, int, unsigned int, int, int*)",30,"inst_executed_local_loads","Warp level instructions for local loads",0,0,0
"Tesla P100-SXM2-16GB (2)","BFS_kernel_warp(unsigned int*, unsigned int*, unsigned int*, int, int, unsigned int, int, int*)",30,"inst_executed_shared_loads","Warp level instructions for shared loads",0,0,0
"Tesla P100-SXM2-16GB (2)","BFS_kernel_warp(unsigned int*, unsigned int*, unsigned int*, int, int, unsigned int, int, int*)",30,"inst_executed_surface_loads","Warp level instructions for surface loads",0,0,0
"Tesla P100-SXM2-16GB (2)","BFS_kernel_warp(unsigned int*, unsigned int*, unsigned int*, int, int, unsigned int, int, int*)",30,"inst_executed_global_stores","Warp level instructions for global stores",2,978,200
"Tesla P100-SXM2-16GB (2)","BFS_kernel_warp(unsigned int*, unsigned int*, unsigned int*, int, int, unsigned int, int, int*)",30,"inst_executed_local_stores","Warp level instructions for local stores",0,0,0
"Tesla P100-SXM2-16GB (2)","BFS_kernel_warp(unsigned int*, unsigned int*, unsigned int*, int, int, unsigned int, int, int*)",30,"inst_executed_shared_stores","Warp level instructions for shared stores",0,0,0
"Tesla P100-SXM2-16GB (2)","BFS_kernel_warp(unsigned int*, unsigned int*, unsigned int*, int, int, unsigned int, int, int*)",30,"inst_executed_surface_stores","Warp level instructions for surface stores",0,0,0
"Tesla P100-SXM2-16GB (2)","BFS_kernel_warp(unsigned int*, unsigned int*, unsigned int*, int, int, unsigned int, int, int*)",30,"inst_executed_global_atomics","Warp level instructions for global atom and atom cas",0,0,0
"Tesla P100-SXM2-16GB (2)","BFS_kernel_warp(unsigned int*, unsigned int*, unsigned int*, int, int, unsigned int, int, int*)",30,"inst_executed_global_reductions","Warp level instructions for global reductions",0,0,0
"Tesla P100-SXM2-16GB (2)","BFS_kernel_warp(unsigned int*, unsigned int*, unsigned int*, int, int, unsigned int, int, int*)",30,"inst_executed_surface_atomics","Warp level instructions for surface atom and atom cas",0,0,0
"Tesla P100-SXM2-16GB (2)","BFS_kernel_warp(unsigned int*, unsigned int*, unsigned int*, int, int, unsigned int, int, int*)",30,"inst_executed_surface_reductions","Warp level instructions for surface reductions",0,0,0
"Tesla P100-SXM2-16GB (2)","BFS_kernel_warp(unsigned int*, unsigned int*, unsigned int*, int, int, unsigned int, int, int*)",30,"inst_executed_shared_atomics","Warp level shared instructions for atom and atom CAS",0,0,0
"Tesla P100-SXM2-16GB (2)","BFS_kernel_warp(unsigned int*, unsigned int*, unsigned int*, int, int, unsigned int, int, int*)",30,"inst_executed_tex_ops","Warp level instructions for texture",0,0,0
"Tesla P100-SXM2-16GB (2)","BFS_kernel_warp(unsigned int*, unsigned int*, unsigned int*, int, int, unsigned int, int, int*)",30,"l2_global_load_bytes","Bytes read from L2 for misses in Unified Cache for global loads",4096,19072,7474
"Tesla P100-SXM2-16GB (2)","BFS_kernel_warp(unsigned int*, unsigned int*, unsigned int*, int, int, unsigned int, int, int*)",30,"l2_local_load_bytes","Bytes read from L2 for misses in Unified Cache for local loads",0,0,0
"Tesla P100-SXM2-16GB (2)","BFS_kernel_warp(unsigned int*, unsigned int*, unsigned int*, int, int, unsigned int, int, int*)",30,"l2_surface_load_bytes","Bytes read from L2 for misses in Unified Cache for surface loads",0,0,0
"Tesla P100-SXM2-16GB (2)","BFS_kernel_warp(unsigned int*, unsigned int*, unsigned int*, int, int, unsigned int, int, int*)",30,"dram_read_bytes","Total bytes read from DRAM to L2 cache",0,0,0
"Tesla P100-SXM2-16GB (2)","BFS_kernel_warp(unsigned int*, unsigned int*, unsigned int*, int, int, unsigned int, int, int*)",30,"dram_write_bytes","Total bytes written from L2 cache to DRAM",0,128,68
"Tesla P100-SXM2-16GB (2)","BFS_kernel_warp(unsigned int*, unsigned int*, unsigned int*, int, int, unsigned int, int, int*)",30,"l2_local_global_store_bytes","Bytes written to L2 from Unified Cache for local and global stores.",0,17632,3596
"Tesla P100-SXM2-16GB (2)","BFS_kernel_warp(unsigned int*, unsigned int*, unsigned int*, int, int, unsigned int, int, int*)",30,"l2_global_reduction_bytes","Bytes written to L2 from Unified cache for global reductions",0,0,0
"Tesla P100-SXM2-16GB (2)","BFS_kernel_warp(unsigned int*, unsigned int*, unsigned int*, int, int, unsigned int, int, int*)",30,"l2_global_atomic_store_bytes","Bytes written to L2 from Unified cache for global atomics",0,0,0
"Tesla P100-SXM2-16GB (2)","BFS_kernel_warp(unsigned int*, unsigned int*, unsigned int*, int, int, unsigned int, int, int*)",30,"l2_surface_store_bytes","Bytes written to L2 from Unified Cache for surface stores.",0,0,0
"Tesla P100-SXM2-16GB (2)","BFS_kernel_warp(unsigned int*, unsigned int*, unsigned int*, int, int, unsigned int, int, int*)",30,"l2_surface_reduction_bytes","Bytes written to L2 from Unified Cache for surface reductions",0,0,0
"Tesla P100-SXM2-16GB (2)","BFS_kernel_warp(unsigned int*, unsigned int*, unsigned int*, int, int, unsigned int, int, int*)",30,"l2_surface_atomic_store_bytes","Bytes transferred between Unified Cache and L2 for surface atomics",0,0,0
"Tesla P100-SXM2-16GB (2)","BFS_kernel_warp(unsigned int*, unsigned int*, unsigned int*, int, int, unsigned int, int, int*)",30,"global_load_requests","Total number of global load requests from Multiprocessor",4010,8890,5000
"Tesla P100-SXM2-16GB (2)","BFS_kernel_warp(unsigned int*, unsigned int*, unsigned int*, int, int, unsigned int, int, int*)",30,"local_load_requests","Total number of local load requests from Multiprocessor",0,0,0
"Tesla P100-SXM2-16GB (2)","BFS_kernel_warp(unsigned int*, unsigned int*, unsigned int*, int, int, unsigned int, int, int*)",30,"surface_load_requests","Total number of surface load requests from Multiprocessor",0,0,0
"Tesla P100-SXM2-16GB (2)","BFS_kernel_warp(unsigned int*, unsigned int*, unsigned int*, int, int, unsigned int, int, int*)",30,"global_store_requests","Total number of global store requests from Multiprocessor",0,490,100
"Tesla P100-SXM2-16GB (2)","BFS_kernel_warp(unsigned int*, unsigned int*, unsigned int*, int, int, unsigned int, int, int*)",30,"local_store_requests","Total number of local store requests from Multiprocessor",0,0,0
"Tesla P100-SXM2-16GB (2)","BFS_kernel_warp(unsigned int*, unsigned int*, unsigned int*, int, int, unsigned int, int, int*)",30,"surface_store_requests","Total number of surface store requests from Multiprocessor",0,0,0
"Tesla P100-SXM2-16GB (2)","BFS_kernel_warp(unsigned int*, unsigned int*, unsigned int*, int, int, unsigned int, int, int*)",30,"global_atomic_requests","Total number of global atomic requests from Multiprocessor",0,0,0
"Tesla P100-SXM2-16GB (2)","BFS_kernel_warp(unsigned int*, unsigned int*, unsigned int*, int, int, unsigned int, int, int*)",30,"global_reduction_requests","Total number of global reduction requests from Multiprocessor",0,0,0
"Tesla P100-SXM2-16GB (2)","BFS_kernel_warp(unsigned int*, unsigned int*, unsigned int*, int, int, unsigned int, int, int*)",30,"surface_atomic_requests","Total number of surface atomic requests from Multiprocessor",0,0,0
"Tesla P100-SXM2-16GB (2)","BFS_kernel_warp(unsigned int*, unsigned int*, unsigned int*, int, int, unsigned int, int, int*)",30,"surface_reduction_requests","Total number of surface reduction requests from Multiprocessor",0,0,0
"Tesla P100-SXM2-16GB (2)","BFS_kernel_warp(unsigned int*, unsigned int*, unsigned int*, int, int, unsigned int, int, int*)",30,"sysmem_read_bytes","System Memory Read Bytes",0,0,0
"Tesla P100-SXM2-16GB (2)","BFS_kernel_warp(unsigned int*, unsigned int*, unsigned int*, int, int, unsigned int, int, int*)",30,"sysmem_write_bytes","System Memory Write Bytes",160,160,160
"Tesla P100-SXM2-16GB (2)","BFS_kernel_warp(unsigned int*, unsigned int*, unsigned int*, int, int, unsigned int, int, int*)",30,"l2_tex_hit_rate","L2 Cache Hit Rate",99.484536%,100.000000%,99.971163%
"Tesla P100-SXM2-16GB (2)","BFS_kernel_warp(unsigned int*, unsigned int*, unsigned int*, int, int, unsigned int, int, int*)",30,"texture_load_requests","Total number of texture Load requests from Multiprocessor",0,0,0
"Tesla P100-SXM2-16GB (2)","BFS_kernel_warp(unsigned int*, unsigned int*, unsigned int*, int, int, unsigned int, int, int*)",30,"unique_warps_launched","Number of warps launched",32,32,32
