==34740== NVPROF is profiling process 34740, command: ./Scan -s 4
==34740== Some kernel(s) will be replayed on device 2 in order to collect all events/metrics.
==34740== Profiling application: ./Scan -s 4
==34740== Profiling result:
==34740== Metric result:
"Device","Kernel","Invocations","Metric Name","Metric Description","Min","Max","Avg"
"Tesla P100-SXM2-16GB (2)","void reduce<float, int=256>(float const *, float*, int)",81,"inst_per_warp","Instructions per warp",2936.125000,2936.125000,2936.125000
"Tesla P100-SXM2-16GB (2)","void reduce<float, int=256>(float const *, float*, int)",81,"branch_efficiency","Branch Efficiency",100.000000%,100.000000%,100.000000%
"Tesla P100-SXM2-16GB (2)","void reduce<float, int=256>(float const *, float*, int)",81,"warp_execution_efficiency","Warp Execution Efficiency",99.967006%,99.967006%,99.967006%
"Tesla P100-SXM2-16GB (2)","void reduce<float, int=256>(float const *, float*, int)",81,"warp_nonpred_execution_efficiency","Warp Non-Predicated Execution Efficiency",99.587918%,99.588026%,99.587955%
"Tesla P100-SXM2-16GB (2)","void reduce<float, int=256>(float const *, float*, int)",81,"inst_replay_overhead","Instruction Replay Overhead",0.001302,0.001370,0.001317
"Tesla P100-SXM2-16GB (2)","void reduce<float, int=256>(float const *, float*, int)",81,"shared_load_transactions_per_request","Shared Memory Load Transactions Per Request",0.555556,0.555556,0.555556
"Tesla P100-SXM2-16GB (2)","void reduce<float, int=256>(float const *, float*, int)",81,"shared_store_transactions_per_request","Shared Memory Store Transactions Per Request",0.666667,0.666667,0.666667
"Tesla P100-SXM2-16GB (2)","void reduce<float, int=256>(float const *, float*, int)",81,"local_load_transactions_per_request","Local Memory Load Transactions Per Request",0.000000,0.000000,0.000000
"Tesla P100-SXM2-16GB (2)","void reduce<float, int=256>(float const *, float*, int)",81,"local_store_transactions_per_request","Local Memory Store Transactions Per Request",0.000000,0.000000,0.000000
"Tesla P100-SXM2-16GB (2)","void reduce<float, int=256>(float const *, float*, int)",81,"gld_transactions_per_request","Global Load Transactions Per Request",16.000004,16.000004,16.000004
"Tesla P100-SXM2-16GB (2)","void reduce<float, int=256>(float const *, float*, int)",81,"gst_transactions_per_request","Global Store Transactions Per Request",1.000000,1.000000,1.000000
"Tesla P100-SXM2-16GB (2)","void reduce<float, int=256>(float const *, float*, int)",81,"shared_store_transactions","Shared Store Transactions",1280,1280,1280
"Tesla P100-SXM2-16GB (2)","void reduce<float, int=256>(float const *, float*, int)",81,"shared_load_transactions","Shared Load Transactions",1600,1600,1600
"Tesla P100-SXM2-16GB (2)","void reduce<float, int=256>(float const *, float*, int)",81,"local_load_transactions","Local Load Transactions",0,0,0
"Tesla P100-SXM2-16GB (2)","void reduce<float, int=256>(float const *, float*, int)",81,"local_store_transactions","Local Store Transactions",0,0,0
"Tesla P100-SXM2-16GB (2)","void reduce<float, int=256>(float const *, float*, int)",81,"gld_transactions","Global Load Transactions",8388610,8388610,8388610
"Tesla P100-SXM2-16GB (2)","void reduce<float, int=256>(float const *, float*, int)",81,"gst_transactions","Global Store Transactions",64,64,64
"Tesla P100-SXM2-16GB (2)","void reduce<float, int=256>(float const *, float*, int)",81,"sysmem_read_transactions","System Memory Read Transactions",0,0,0
"Tesla P100-SXM2-16GB (2)","void reduce<float, int=256>(float const *, float*, int)",81,"sysmem_write_transactions","System Memory Write Transactions",5,5,5
"Tesla P100-SXM2-16GB (2)","void reduce<float, int=256>(float const *, float*, int)",81,"l2_read_transactions","L2 Read Transactions",2097248,2097632,2097253
"Tesla P100-SXM2-16GB (2)","void reduce<float, int=256>(float const *, float*, int)",81,"l2_write_transactions","L2 Write Transactions",84,141,113
"Tesla P100-SXM2-16GB (2)","void reduce<float, int=256>(float const *, float*, int)",81,"dram_read_transactions","Device Memory Read Transactions",2095644,2095964,2095825
"Tesla P100-SXM2-16GB (2)","void reduce<float, int=256>(float const *, float*, int)",81,"dram_write_transactions","Device Memory Write Transactions",62020,64474,63876
"Tesla P100-SXM2-16GB (2)","void reduce<float, int=256>(float const *, float*, int)",81,"global_hit_rate","Global Hit Rate in unified l1/tex",0.000000%,0.000000%,0.000000%
"Tesla P100-SXM2-16GB (2)","void reduce<float, int=256>(float const *, float*, int)",81,"local_hit_rate","Local Hit Rate",0.000000%,0.000000%,0.000000%
"Tesla P100-SXM2-16GB (2)","void reduce<float, int=256>(float const *, float*, int)",81,"gld_requested_throughput","Requested Global Load Throughput",406.683932GB/s,408.705091GB/s,407.849268GB/s
"Tesla P100-SXM2-16GB (2)","void reduce<float, int=256>(float const *, float*, int)",81,"gst_requested_throughput","Requested Global Store Throughput",1.588609MB/s,1.596504MB/s,1.593155MB/s
"Tesla P100-SXM2-16GB (2)","void reduce<float, int=256>(float const *, float*, int)",81,"gld_throughput","Global Load Throughput",406.683932GB/s,408.705091GB/s,407.849268GB/s
"Tesla P100-SXM2-16GB (2)","void reduce<float, int=256>(float const *, float*, int)",81,"gst_throughput","Global Store Throughput",12.708873MB/s,12.772034MB/s,12.745283MB/s
"Tesla P100-SXM2-16GB (2)","void reduce<float, int=256>(float const *, float*, int)",81,"local_memory_overhead","Local Memory Overhead",0.000000%,0.000000%,0.000000%
"Tesla P100-SXM2-16GB (2)","void reduce<float, int=256>(float const *, float*, int)",81,"tex_cache_hit_rate","Unified Cache Hit Rate",49.999237%,49.999237%,49.999237%
"Tesla P100-SXM2-16GB (2)","void reduce<float, int=256>(float const *, float*, int)",81,"l2_tex_read_hit_rate","L2 Hit Rate (Texture Reads)",0.051117%,0.077057%,0.063950%
"Tesla P100-SXM2-16GB (2)","void reduce<float, int=256>(float const *, float*, int)",81,"l2_tex_write_hit_rate","L2 Hit Rate (Texture Writes)",93.750000%,93.750000%,93.750000%
"Tesla P100-SXM2-16GB (2)","void reduce<float, int=256>(float const *, float*, int)",81,"dram_read_throughput","Device Memory Read Throughput",406.400806GB/s,408.460315GB/s,407.591280GB/s
"Tesla P100-SXM2-16GB (2)","void reduce<float, int=256>(float const *, float*, int)",81,"dram_write_throughput","Device Memory Write Throughput",12.060317GB/s,12.544351GB/s,12.422512GB/s
"Tesla P100-SXM2-16GB (2)","void reduce<float, int=256>(float const *, float*, int)",81,"tex_cache_throughput","Unified Cache Throughput",406.683932GB/s,408.705091GB/s,407.849268GB/s
"Tesla P100-SXM2-16GB (2)","void reduce<float, int=256>(float const *, float*, int)",81,"l2_tex_read_throughput","L2 Throughput (Texture Reads)",406.683932GB/s,408.705091GB/s,407.849268GB/s
"Tesla P100-SXM2-16GB (2)","void reduce<float, int=256>(float const *, float*, int)",81,"l2_tex_write_throughput","L2 Throughput (Texture Writes)",12.708873MB/s,12.772034MB/s,12.745283MB/s
"Tesla P100-SXM2-16GB (2)","void reduce<float, int=256>(float const *, float*, int)",81,"l2_read_throughput","L2 Throughput (Reads)",406.702548GB/s,408.723801GB/s,407.869071GB/s
"Tesla P100-SXM2-16GB (2)","void reduce<float, int=256>(float const *, float*, int)",81,"l2_write_throughput","L2 Throughput (Writes)",16.707574MB/s,28.104204MB/s,22.665662MB/s
"Tesla P100-SXM2-16GB (2)","void reduce<float, int=256>(float const *, float*, int)",81,"sysmem_read_throughput","System Memory Read Throughput",0.000000B/s,0.000000B/s,0.000000B/s
"Tesla P100-SXM2-16GB (2)","void reduce<float, int=256>(float const *, float*, int)",81,"sysmem_write_throughput","System Memory Write Throughput",0.992880MB/s,0.997815MB/s,0.995719MB/s
"Tesla P100-SXM2-16GB (2)","void reduce<float, int=256>(float const *, float*, int)",81,"local_load_throughput","Local Memory Load Throughput",0.000000B/s,0.000000B/s,0.000000B/s
"Tesla P100-SXM2-16GB (2)","void reduce<float, int=256>(float const *, float*, int)",81,"local_store_throughput","Local Memory Store Throughput",0.000000B/s,0.000000B/s,0.000000B/s
"Tesla P100-SXM2-16GB (2)","void reduce<float, int=256>(float const *, float*, int)",81,"shared_load_throughput","Shared Memory Load Throughput",1.241101GB/s,1.247269GB/s,1.244657GB/s
"Tesla P100-SXM2-16GB (2)","void reduce<float, int=256>(float const *, float*, int)",81,"shared_store_throughput","Shared Memory Store Throughput",0.992881GB/s,0.997815GB/s,0.995726GB/s
"Tesla P100-SXM2-16GB (2)","void reduce<float, int=256>(float const *, float*, int)",81,"gld_efficiency","Global Memory Load Efficiency",100.000000%,100.000000%,100.000000%
"Tesla P100-SXM2-16GB (2)","void reduce<float, int=256>(float const *, float*, int)",81,"gst_efficiency","Global Memory Store Efficiency",12.500000%,12.500000%,12.500000%
"Tesla P100-SXM2-16GB (2)","void reduce<float, int=256>(float const *, float*, int)",81,"tex_cache_transactions","Unified Cache Transactions",2097152,2097152,2097152
"Tesla P100-SXM2-16GB (2)","void reduce<float, int=256>(float const *, float*, int)",81,"flop_count_dp","Floating Point Operations(Double Precision)",0,0,0
"Tesla P100-SXM2-16GB (2)","void reduce<float, int=256>(float const *, float*, int)",81,"flop_count_dp_add","Floating Point Operations(Double Precision Add)",0,0,0
"Tesla P100-SXM2-16GB (2)","void reduce<float, int=256>(float const *, float*, int)",81,"flop_count_dp_fma","Floating Point Operations(Double Precision FMA)",0,0,0
"Tesla P100-SXM2-16GB (2)","void reduce<float, int=256>(float const *, float*, int)",81,"flop_count_dp_mul","Floating Point Operations(Double Precision Mul)",0,0,0
"Tesla P100-SXM2-16GB (2)","void reduce<float, int=256>(float const *, float*, int)",81,"flop_count_sp","Floating Point Operations(Single Precision)",16801792,16801792,16801792
"Tesla P100-SXM2-16GB (2)","void reduce<float, int=256>(float const *, float*, int)",81,"flop_count_sp_add","Floating Point Operations(Single Precision Add)",16801792,16801792,16801792
"Tesla P100-SXM2-16GB (2)","void reduce<float, int=256>(float const *, float*, int)",81,"flop_count_sp_fma","Floating Point Operations(Single Precision FMA)",0,0,0
"Tesla P100-SXM2-16GB (2)","void reduce<float, int=256>(float const *, float*, int)",81,"flop_count_sp_mul","Floating Point Operation(Single Precision Mul)",0,0,0
"Tesla P100-SXM2-16GB (2)","void reduce<float, int=256>(float const *, float*, int)",81,"flop_count_sp_special","Floating Point Operations(Single Precision Special)",16384,16384,16384
"Tesla P100-SXM2-16GB (2)","void reduce<float, int=256>(float const *, float*, int)",81,"inst_executed","Instructions Executed",1503296,1503296,1503296
"Tesla P100-SXM2-16GB (2)","void reduce<float, int=256>(float const *, float*, int)",81,"inst_issued","Instructions Issued",1505253,1505356,1505270
"Tesla P100-SXM2-16GB (2)","void reduce<float, int=256>(float const *, float*, int)",81,"dram_utilization","Device Memory Utilization","High (7)","High (7)","High (7)"
"Tesla P100-SXM2-16GB (2)","void reduce<float, int=256>(float const *, float*, int)",81,"sysmem_utilization","System Memory Utilization","Low (1)","Low (1)","Low (1)"
"Tesla P100-SXM2-16GB (2)","void reduce<float, int=256>(float const *, float*, int)",81,"stall_inst_fetch","Issue Stall Reasons (Instructions Fetch)",2.170484%,2.598262%,2.268276%
"Tesla P100-SXM2-16GB (2)","void reduce<float, int=256>(float const *, float*, int)",81,"stall_exec_dependency","Issue Stall Reasons (Execution Dependency)",21.365134%,21.846504%,21.593751%
"Tesla P100-SXM2-16GB (2)","void reduce<float, int=256>(float const *, float*, int)",81,"stall_memory_dependency","Issue Stall Reasons (Data Request)",57.106274%,57.735227%,57.448582%
"Tesla P100-SXM2-16GB (2)","void reduce<float, int=256>(float const *, float*, int)",81,"stall_texture","Issue Stall Reasons (Texture)",15.320122%,15.582796%,15.455228%
"Tesla P100-SXM2-16GB (2)","void reduce<float, int=256>(float const *, float*, int)",81,"stall_sync","Issue Stall Reasons (Synchronization)",0.467799%,0.552752%,0.510170%
"Tesla P100-SXM2-16GB (2)","void reduce<float, int=256>(float const *, float*, int)",81,"stall_other","Issue Stall Reasons (Other)",2.033334%,2.179236%,2.115864%
"Tesla P100-SXM2-16GB (2)","void reduce<float, int=256>(float const *, float*, int)",81,"stall_constant_memory_dependency","Issue Stall Reasons (Immediate constant)",0.396076%,0.614592%,0.441766%
"Tesla P100-SXM2-16GB (2)","void reduce<float, int=256>(float const *, float*, int)",81,"stall_pipe_busy","Issue Stall Reasons (Pipe Busy)",0.016132%,0.016642%,0.016394%
"Tesla P100-SXM2-16GB (2)","void reduce<float, int=256>(float const *, float*, int)",81,"shared_efficiency","Shared Memory Efficiency",97.847222%,97.847222%,97.847222%
"Tesla P100-SXM2-16GB (2)","void reduce<float, int=256>(float const *, float*, int)",81,"inst_fp_32","FP Instructions(Single)",16818176,16818176,16818176
"Tesla P100-SXM2-16GB (2)","void reduce<float, int=256>(float const *, float*, int)",81,"inst_fp_64","FP Instructions(Double)",0,0,0
"Tesla P100-SXM2-16GB (2)","void reduce<float, int=256>(float const *, float*, int)",81,"inst_integer","Integer Instructions",5210304,5210304,5210304
"Tesla P100-SXM2-16GB (2)","void reduce<float, int=256>(float const *, float*, int)",81,"inst_bit_convert","Bit-Convert Instructions",32768,32768,32768
"Tesla P100-SXM2-16GB (2)","void reduce<float, int=256>(float const *, float*, int)",81,"inst_control","Control-Flow Instructions",1212416,1212416,1212416
"Tesla P100-SXM2-16GB (2)","void reduce<float, int=256>(float const *, float*, int)",81,"inst_compute_ld_st","Load/Store Instructions",16916608,16916608,16916608
"Tesla P100-SXM2-16GB (2)","void reduce<float, int=256>(float const *, float*, int)",81,"inst_misc","Misc Instructions",7716992,7716992,7716992
"Tesla P100-SXM2-16GB (2)","void reduce<float, int=256>(float const *, float*, int)",81,"inst_inter_thread_communication","Inter-Thread Instructions",0,0,0
"Tesla P100-SXM2-16GB (2)","void reduce<float, int=256>(float const *, float*, int)",81,"issue_slots","Issue Slots",1204645,1204748,1204662
"Tesla P100-SXM2-16GB (2)","void reduce<float, int=256>(float const *, float*, int)",81,"cf_issued","Issued Control-Flow Instructions",40064,40064,40064
"Tesla P100-SXM2-16GB (2)","void reduce<float, int=256>(float const *, float*, int)",81,"cf_executed","Executed Control-Flow Instructions",40064,40064,40064
"Tesla P100-SXM2-16GB (2)","void reduce<float, int=256>(float const *, float*, int)",81,"ldst_issued","Issued Load/Store Instructions",2106112,2106112,2106112
"Tesla P100-SXM2-16GB (2)","void reduce<float, int=256>(float const *, float*, int)",81,"ldst_executed","Executed Load/Store Instructions",534784,534784,534784
"Tesla P100-SXM2-16GB (2)","void reduce<float, int=256>(float const *, float*, int)",81,"atomic_transactions","Atomic Transactions",0,0,0
"Tesla P100-SXM2-16GB (2)","void reduce<float, int=256>(float const *, float*, int)",81,"atomic_transactions_per_request","Atomic Transactions Per Request",0.000000,0.000000,0.000000
"Tesla P100-SXM2-16GB (2)","void reduce<float, int=256>(float const *, float*, int)",81,"l2_atomic_throughput","L2 Throughput (Atomic requests)",0.000000B/s,0.000000B/s,0.000000B/s
"Tesla P100-SXM2-16GB (2)","void reduce<float, int=256>(float const *, float*, int)",81,"l2_atomic_transactions","L2 Transactions (Atomic requests)",0,0,0
"Tesla P100-SXM2-16GB (2)","void reduce<float, int=256>(float const *, float*, int)",81,"l2_tex_read_transactions","L2 Transactions (Texture Reads)",2097152,2097152,2097152
"Tesla P100-SXM2-16GB (2)","void reduce<float, int=256>(float const *, float*, int)",81,"stall_memory_throttle","Issue Stall Reasons (Memory Throttle)",0.000094%,0.000129%,0.000111%
"Tesla P100-SXM2-16GB (2)","void reduce<float, int=256>(float const *, float*, int)",81,"stall_not_selected","Issue Stall Reasons (Not Selected)",0.147733%,0.153453%,0.149858%
"Tesla P100-SXM2-16GB (2)","void reduce<float, int=256>(float const *, float*, int)",81,"l2_tex_write_transactions","L2 Transactions (Texture Writes)",64,64,64
"Tesla P100-SXM2-16GB (2)","void reduce<float, int=256>(float const *, float*, int)",81,"nvlink_total_data_transmitted","NVLink Total Data Transmitted",576,2432,722
"Tesla P100-SXM2-16GB (2)","void reduce<float, int=256>(float const *, float*, int)",81,"nvlink_total_data_received","NVLink Total Data Received",384,3168,604
"Tesla P100-SXM2-16GB (2)","void reduce<float, int=256>(float const *, float*, int)",81,"nvlink_user_data_transmitted","NVLink User Data Transmitted",0,0,0
"Tesla P100-SXM2-16GB (2)","void reduce<float, int=256>(float const *, float*, int)",81,"nvlink_user_data_received","NVLink User Data Received",0,0,0
"Tesla P100-SXM2-16GB (2)","void reduce<float, int=256>(float const *, float*, int)",81,"nvlink_overhead_data_transmitted","NVLink Overhead Data Transmitted",100.000000%,100.000000%,100.000000%
"Tesla P100-SXM2-16GB (2)","void reduce<float, int=256>(float const *, float*, int)",81,"nvlink_overhead_data_received","NVLink Overhead Data Received",100.000000%,100.000000%,100.000000%
"Tesla P100-SXM2-16GB (2)","void reduce<float, int=256>(float const *, float*, int)",81,"nvlink_total_nratom_data_transmitted","NVLink Total Nratom Data Transmitted",0,0,0
"Tesla P100-SXM2-16GB (2)","void reduce<float, int=256>(float const *, float*, int)",81,"nvlink_user_nratom_data_transmitted","NVLink User Nratom Data Transmitted",0,0,0
"Tesla P100-SXM2-16GB (2)","void reduce<float, int=256>(float const *, float*, int)",81,"nvlink_total_ratom_data_transmitted","NVLink Total Ratom Data Transmitted",0,0,0
"Tesla P100-SXM2-16GB (2)","void reduce<float, int=256>(float const *, float*, int)",81,"nvlink_user_ratom_data_transmitted","NVLink User Ratom Data Transmitted",0,0,0
"Tesla P100-SXM2-16GB (2)","void reduce<float, int=256>(float const *, float*, int)",81,"nvlink_total_write_data_transmitted","NVLink Total Write Data Transmitted",0,0,0
"Tesla P100-SXM2-16GB (2)","void reduce<float, int=256>(float const *, float*, int)",81,"nvlink_user_write_data_transmitted","NVLink User Write Data Transmitted",0,0,0
"Tesla P100-SXM2-16GB (2)","void reduce<float, int=256>(float const *, float*, int)",81,"nvlink_transmit_throughput","NVLink Transmit Throughput",3.574370MB/s,15.128011MB/s,4.499199MB/s
"Tesla P100-SXM2-16GB (2)","void reduce<float, int=256>(float const *, float*, int)",81,"nvlink_receive_throughput","NVLink Receive Throughput",2.382914MB/s,19.706224MB/s,3.761624MB/s
"Tesla P100-SXM2-16GB (2)","void reduce<float, int=256>(float const *, float*, int)",81,"nvlink_total_response_data_received","NVLink Total Response Data Received",0,0,0
"Tesla P100-SXM2-16GB (2)","void reduce<float, int=256>(float const *, float*, int)",81,"nvlink_user_response_data_received","NVLink User Response Data Received",0,0,0
"Tesla P100-SXM2-16GB (2)","void reduce<float, int=256>(float const *, float*, int)",81,"flop_count_hp","Floating Point Operations(Half Precision)",0,0,0
"Tesla P100-SXM2-16GB (2)","void reduce<float, int=256>(float const *, float*, int)",81,"flop_count_hp_add","Floating Point Operations(Half Precision Add)",0,0,0
"Tesla P100-SXM2-16GB (2)","void reduce<float, int=256>(float const *, float*, int)",81,"flop_count_hp_mul","Floating Point Operation(Half Precision Mul)",0,0,0
"Tesla P100-SXM2-16GB (2)","void reduce<float, int=256>(float const *, float*, int)",81,"flop_count_hp_fma","Floating Point Operations(Half Precision FMA)",0,0,0
"Tesla P100-SXM2-16GB (2)","void reduce<float, int=256>(float const *, float*, int)",81,"inst_fp_16","HP Instructions(Half)",0,0,0
"Tesla P100-SXM2-16GB (2)","void reduce<float, int=256>(float const *, float*, int)",81,"ipc","Executed IPC",0.183127,0.186783,0.184798
"Tesla P100-SXM2-16GB (2)","void reduce<float, int=256>(float const *, float*, int)",81,"issued_ipc","Issued IPC",0.183578,0.187111,0.185852
"Tesla P100-SXM2-16GB (2)","void reduce<float, int=256>(float const *, float*, int)",81,"issue_slot_utilization","Issue Slot Utilization",7.345941%,7.487180%,7.436836%
"Tesla P100-SXM2-16GB (2)","void reduce<float, int=256>(float const *, float*, int)",81,"sm_efficiency","Multiprocessor Activity",68.564569%,70.406725%,69.516238%
"Tesla P100-SXM2-16GB (2)","void reduce<float, int=256>(float const *, float*, int)",81,"achieved_occupancy","Achieved Occupancy",0.149079,0.149565,0.149342
"Tesla P100-SXM2-16GB (2)","void reduce<float, int=256>(float const *, float*, int)",81,"eligible_warps_per_cycle","Eligible Warps Per Active Cycle",0.162140,0.164259,0.163365
"Tesla P100-SXM2-16GB (2)","void reduce<float, int=256>(float const *, float*, int)",81,"shared_utilization","Shared Memory Utilization","Low (1)","Low (1)","Low (1)"
"Tesla P100-SXM2-16GB (2)","void reduce<float, int=256>(float const *, float*, int)",81,"l2_utilization","L2 Cache Utilization","Low (2)","Low (2)","Low (2)"
"Tesla P100-SXM2-16GB (2)","void reduce<float, int=256>(float const *, float*, int)",81,"tex_utilization","Unified Cache Utilization","Low (2)","Low (2)","Low (2)"
"Tesla P100-SXM2-16GB (2)","void reduce<float, int=256>(float const *, float*, int)",81,"ldst_fu_utilization","Load/Store Function Unit Utilization","Low (1)","Low (1)","Low (1)"
"Tesla P100-SXM2-16GB (2)","void reduce<float, int=256>(float const *, float*, int)",81,"cf_fu_utilization","Control-Flow Function Unit Utilization","Low (1)","Low (1)","Low (1)"
"Tesla P100-SXM2-16GB (2)","void reduce<float, int=256>(float const *, float*, int)",81,"tex_fu_utilization","Texture Function Unit Utilization","Low (3)","Low (3)","Low (3)"
"Tesla P100-SXM2-16GB (2)","void reduce<float, int=256>(float const *, float*, int)",81,"special_fu_utilization","Special Function Unit Utilization","Low (1)","Low (1)","Low (1)"
"Tesla P100-SXM2-16GB (2)","void reduce<float, int=256>(float const *, float*, int)",81,"half_precision_fu_utilization","Half-Precision Function Unit Utilization","Idle (0)","Idle (0)","Idle (0)"
"Tesla P100-SXM2-16GB (2)","void reduce<float, int=256>(float const *, float*, int)",81,"single_precision_fu_utilization","Single-Precision Function Unit Utilization","Low (1)","Low (1)","Low (1)"
"Tesla P100-SXM2-16GB (2)","void reduce<float, int=256>(float const *, float*, int)",81,"double_precision_fu_utilization","Double-Precision Function Unit Utilization","Idle (0)","Idle (0)","Idle (0)"
"Tesla P100-SXM2-16GB (2)","void reduce<float, int=256>(float const *, float*, int)",81,"flop_hp_efficiency","FLOP Efficiency(Peak Half)",0.000000%,0.000000%,0.000000%
"Tesla P100-SXM2-16GB (2)","void reduce<float, int=256>(float const *, float*, int)",81,"flop_sp_efficiency","FLOP Efficiency(Peak Single)",1.102502%,1.141381%,1.121747%
"Tesla P100-SXM2-16GB (2)","void reduce<float, int=256>(float const *, float*, int)",81,"flop_dp_efficiency","FLOP Efficiency(Peak Double)",0.000000%,0.000000%,0.000000%
"Tesla P100-SXM2-16GB (2)","void reduce<float, int=256>(float const *, float*, int)",81,"sysmem_read_utilization","System Memory Read Utilization","Idle (0)","Idle (0)","Idle (0)"
"Tesla P100-SXM2-16GB (2)","void reduce<float, int=256>(float const *, float*, int)",81,"sysmem_write_utilization","System Memory Write Utilization","Low (1)","Low (1)","Low (1)"
"Tesla P100-SXM2-16GB (2)","void reduce<float, int=256>(float const *, float*, int)",81,"pcie_total_data_transmitted","PCIe Total Data Transmitted",0,2560,195
"Tesla P100-SXM2-16GB (2)","void reduce<float, int=256>(float const *, float*, int)",81,"pcie_total_data_received","PCIe Total Data Received",0,512,107
"Tesla P100-SXM2-16GB (2)","void reduce<float, int=256>(float const *, float*, int)",81,"inst_executed_global_loads","Warp level instructions for global loads",524288,524288,524288
"Tesla P100-SXM2-16GB (2)","void reduce<float, int=256>(float const *, float*, int)",81,"inst_executed_local_loads","Warp level instructions for local loads",0,0,0
"Tesla P100-SXM2-16GB (2)","void reduce<float, int=256>(float const *, float*, int)",81,"inst_executed_shared_loads","Warp level instructions for shared loads",2880,2880,2880
"Tesla P100-SXM2-16GB (2)","void reduce<float, int=256>(float const *, float*, int)",81,"inst_executed_surface_loads","Warp level instructions for surface loads",0,0,0
"Tesla P100-SXM2-16GB (2)","void reduce<float, int=256>(float const *, float*, int)",81,"inst_executed_global_stores","Warp level instructions for global stores",64,64,64
"Tesla P100-SXM2-16GB (2)","void reduce<float, int=256>(float const *, float*, int)",81,"inst_executed_local_stores","Warp level instructions for local stores",0,0,0
"Tesla P100-SXM2-16GB (2)","void reduce<float, int=256>(float const *, float*, int)",81,"inst_executed_shared_stores","Warp level instructions for shared stores",1920,1920,1920
"Tesla P100-SXM2-16GB (2)","void reduce<float, int=256>(float const *, float*, int)",81,"inst_executed_surface_stores","Warp level instructions for surface stores",0,0,0
"Tesla P100-SXM2-16GB (2)","void reduce<float, int=256>(float const *, float*, int)",81,"inst_executed_global_atomics","Warp level instructions for global atom and atom cas",0,0,0
"Tesla P100-SXM2-16GB (2)","void reduce<float, int=256>(float const *, float*, int)",81,"inst_executed_global_reductions","Warp level instructions for global reductions",0,0,0
"Tesla P100-SXM2-16GB (2)","void reduce<float, int=256>(float const *, float*, int)",81,"inst_executed_surface_atomics","Warp level instructions for surface atom and atom cas",0,0,0
"Tesla P100-SXM2-16GB (2)","void reduce<float, int=256>(float const *, float*, int)",81,"inst_executed_surface_reductions","Warp level instructions for surface reductions",0,0,0
"Tesla P100-SXM2-16GB (2)","void reduce<float, int=256>(float const *, float*, int)",81,"inst_executed_shared_atomics","Warp level shared instructions for atom and atom CAS",0,0,0
"Tesla P100-SXM2-16GB (2)","void reduce<float, int=256>(float const *, float*, int)",81,"inst_executed_tex_ops","Warp level instructions for texture",0,0,0
"Tesla P100-SXM2-16GB (2)","void reduce<float, int=256>(float const *, float*, int)",81,"l2_global_load_bytes","Bytes read from L2 for misses in Unified Cache for global loads",67108864,67108864,67108864
"Tesla P100-SXM2-16GB (2)","void reduce<float, int=256>(float const *, float*, int)",81,"l2_local_load_bytes","Bytes read from L2 for misses in Unified Cache for local loads",0,0,0
"Tesla P100-SXM2-16GB (2)","void reduce<float, int=256>(float const *, float*, int)",81,"l2_surface_load_bytes","Bytes read from L2 for misses in Unified Cache for surface loads",0,0,0
"Tesla P100-SXM2-16GB (2)","void reduce<float, int=256>(float const *, float*, int)",81,"dram_read_bytes","Total bytes read from DRAM to L2 cache",67060608,67070848,67066413
"Tesla P100-SXM2-16GB (2)","void reduce<float, int=256>(float const *, float*, int)",81,"dram_write_bytes","Total bytes written from L2 cache to DRAM",1984640,2063168,2044041
"Tesla P100-SXM2-16GB (2)","void reduce<float, int=256>(float const *, float*, int)",81,"l2_local_global_store_bytes","Bytes written to L2 from Unified Cache for local and global stores.",2048,2048,2048
"Tesla P100-SXM2-16GB (2)","void reduce<float, int=256>(float const *, float*, int)",81,"l2_global_reduction_bytes","Bytes written to L2 from Unified cache for global reductions",0,0,0
"Tesla P100-SXM2-16GB (2)","void reduce<float, int=256>(float const *, float*, int)",81,"l2_global_atomic_store_bytes","Bytes written to L2 from Unified cache for global atomics",0,0,0
"Tesla P100-SXM2-16GB (2)","void reduce<float, int=256>(float const *, float*, int)",81,"l2_surface_store_bytes","Bytes written to L2 from Unified Cache for surface stores.",0,0,0
"Tesla P100-SXM2-16GB (2)","void reduce<float, int=256>(float const *, float*, int)",81,"l2_surface_reduction_bytes","Bytes written to L2 from Unified Cache for surface reductions",0,0,0
"Tesla P100-SXM2-16GB (2)","void reduce<float, int=256>(float const *, float*, int)",81,"l2_surface_atomic_store_bytes","Bytes transferred between Unified Cache and L2 for surface atomics",0,0,0
"Tesla P100-SXM2-16GB (2)","void reduce<float, int=256>(float const *, float*, int)",81,"global_load_requests","Total number of global load requests from Multiprocessor",2097152,2097152,2097152
"Tesla P100-SXM2-16GB (2)","void reduce<float, int=256>(float const *, float*, int)",81,"local_load_requests","Total number of local load requests from Multiprocessor",0,0,0
"Tesla P100-SXM2-16GB (2)","void reduce<float, int=256>(float const *, float*, int)",81,"surface_load_requests","Total number of surface load requests from Multiprocessor",0,0,0
"Tesla P100-SXM2-16GB (2)","void reduce<float, int=256>(float const *, float*, int)",81,"global_store_requests","Total number of global store requests from Multiprocessor",64,64,64
"Tesla P100-SXM2-16GB (2)","void reduce<float, int=256>(float const *, float*, int)",81,"local_store_requests","Total number of local store requests from Multiprocessor",0,0,0
"Tesla P100-SXM2-16GB (2)","void reduce<float, int=256>(float const *, float*, int)",81,"surface_store_requests","Total number of surface store requests from Multiprocessor",0,0,0
"Tesla P100-SXM2-16GB (2)","void reduce<float, int=256>(float const *, float*, int)",81,"global_atomic_requests","Total number of global atomic requests from Multiprocessor",0,0,0
"Tesla P100-SXM2-16GB (2)","void reduce<float, int=256>(float const *, float*, int)",81,"global_reduction_requests","Total number of global reduction requests from Multiprocessor",0,0,0
"Tesla P100-SXM2-16GB (2)","void reduce<float, int=256>(float const *, float*, int)",81,"surface_atomic_requests","Total number of surface atomic requests from Multiprocessor",0,0,0
"Tesla P100-SXM2-16GB (2)","void reduce<float, int=256>(float const *, float*, int)",81,"surface_reduction_requests","Total number of surface reduction requests from Multiprocessor",0,0,0
"Tesla P100-SXM2-16GB (2)","void reduce<float, int=256>(float const *, float*, int)",81,"sysmem_read_bytes","System Memory Read Bytes",0,0,0
"Tesla P100-SXM2-16GB (2)","void reduce<float, int=256>(float const *, float*, int)",81,"sysmem_write_bytes","System Memory Write Bytes",160,160,160
"Tesla P100-SXM2-16GB (2)","void reduce<float, int=256>(float const *, float*, int)",81,"l2_tex_hit_rate","L2 Cache Hit Rate",0.053976%,0.079915%,0.066809%
"Tesla P100-SXM2-16GB (2)","void reduce<float, int=256>(float const *, float*, int)",81,"texture_load_requests","Total number of texture Load requests from Multiprocessor",0,0,0
"Tesla P100-SXM2-16GB (2)","void reduce<float, int=256>(float const *, float*, int)",81,"unique_warps_launched","Number of warps launched",512,512,512
"Tesla P100-SXM2-16GB (2)","void scan_single_block<float, int=256>(float*, int)",80,"inst_per_warp","Instructions per warp",127.000000,127.000000,127.000000
"Tesla P100-SXM2-16GB (2)","void scan_single_block<float, int=256>(float*, int)",80,"branch_efficiency","Branch Efficiency",100.000000%,100.000000%,100.000000%
"Tesla P100-SXM2-16GB (2)","void scan_single_block<float, int=256>(float*, int)",80,"warp_execution_efficiency","Warp Execution Efficiency",100.000000%,100.000000%,100.000000%
"Tesla P100-SXM2-16GB (2)","void scan_single_block<float, int=256>(float*, int)",80,"warp_nonpred_execution_efficiency","Warp Non-Predicated Execution Efficiency",99.606299%,99.606299%,99.606299%
"Tesla P100-SXM2-16GB (2)","void scan_single_block<float, int=256>(float*, int)",80,"inst_replay_overhead","Instruction Replay Overhead",0.023622,0.023622,0.023622
"Tesla P100-SXM2-16GB (2)","void scan_single_block<float, int=256>(float*, int)",80,"shared_load_transactions_per_request","Shared Memory Load Transactions Per Request",1.000000,1.000000,1.000000
"Tesla P100-SXM2-16GB (2)","void scan_single_block<float, int=256>(float*, int)",80,"shared_store_transactions_per_request","Shared Memory Store Transactions Per Request",1.000000,1.000000,1.000000
"Tesla P100-SXM2-16GB (2)","void scan_single_block<float, int=256>(float*, int)",80,"local_load_transactions_per_request","Local Memory Load Transactions Per Request",0.000000,0.000000,0.000000
"Tesla P100-SXM2-16GB (2)","void scan_single_block<float, int=256>(float*, int)",80,"local_store_transactions_per_request","Local Memory Store Transactions Per Request",0.000000,0.000000,0.000000
"Tesla P100-SXM2-16GB (2)","void scan_single_block<float, int=256>(float*, int)",80,"gld_transactions_per_request","Global Load Transactions Per Request",17.000000,17.000000,17.000000
"Tesla P100-SXM2-16GB (2)","void scan_single_block<float, int=256>(float*, int)",80,"gst_transactions_per_request","Global Store Transactions Per Request",4.000000,4.000000,4.000000
"Tesla P100-SXM2-16GB (2)","void scan_single_block<float, int=256>(float*, int)",80,"shared_store_transactions","Shared Store Transactions",80,80,80
"Tesla P100-SXM2-16GB (2)","void scan_single_block<float, int=256>(float*, int)",80,"shared_load_transactions","Shared Load Transactions",136,136,136
"Tesla P100-SXM2-16GB (2)","void scan_single_block<float, int=256>(float*, int)",80,"local_load_transactions","Local Load Transactions",0,0,0
"Tesla P100-SXM2-16GB (2)","void scan_single_block<float, int=256>(float*, int)",80,"local_store_transactions","Local Store Transactions",0,0,0
"Tesla P100-SXM2-16GB (2)","void scan_single_block<float, int=256>(float*, int)",80,"gld_transactions","Global Load Transactions",34,34,34
"Tesla P100-SXM2-16GB (2)","void scan_single_block<float, int=256>(float*, int)",80,"gst_transactions","Global Store Transactions",8,8,8
"Tesla P100-SXM2-16GB (2)","void scan_single_block<float, int=256>(float*, int)",80,"sysmem_read_transactions","System Memory Read Transactions",0,0,0
"Tesla P100-SXM2-16GB (2)","void scan_single_block<float, int=256>(float*, int)",80,"sysmem_write_transactions","System Memory Write Transactions",5,5,5
"Tesla P100-SXM2-16GB (2)","void scan_single_block<float, int=256>(float*, int)",80,"l2_read_transactions","L2 Read Transactions",24,48,24
"Tesla P100-SXM2-16GB (2)","void scan_single_block<float, int=256>(float*, int)",80,"l2_write_transactions","L2 Write Transactions",21,21,21
"Tesla P100-SXM2-16GB (2)","void scan_single_block<float, int=256>(float*, int)",80,"dram_read_transactions","Device Memory Read Transactions",16,16,16
"Tesla P100-SXM2-16GB (2)","void scan_single_block<float, int=256>(float*, int)",80,"dram_write_transactions","Device Memory Write Transactions",12,40,23
"Tesla P100-SXM2-16GB (2)","void scan_single_block<float, int=256>(float*, int)",80,"global_hit_rate","Global Hit Rate in unified l1/tex",0.000000%,0.000000%,0.000000%
"Tesla P100-SXM2-16GB (2)","void scan_single_block<float, int=256>(float*, int)",80,"local_hit_rate","Local Hit Rate",0.000000%,0.000000%,0.000000%
"Tesla P100-SXM2-16GB (2)","void scan_single_block<float, int=256>(float*, int)",80,"gld_requested_throughput","Requested Global Load Throughput",47.286582MB/s,47.908285MB/s,47.683881MB/s
"Tesla P100-SXM2-16GB (2)","void scan_single_block<float, int=256>(float*, int)",80,"gst_requested_throughput","Requested Global Store Throughput",47.286582MB/s,47.908285MB/s,47.683881MB/s
"Tesla P100-SXM2-16GB (2)","void scan_single_block<float, int=256>(float*, int)",80,"gld_throughput","Global Load Throughput",47.286582MB/s,47.908285MB/s,47.683881MB/s
"Tesla P100-SXM2-16GB (2)","void scan_single_block<float, int=256>(float*, int)",80,"gst_throughput","Global Store Throughput",47.286582MB/s,47.908285MB/s,47.683881MB/s
"Tesla P100-SXM2-16GB (2)","void scan_single_block<float, int=256>(float*, int)",80,"local_memory_overhead","Local Memory Overhead",0.000000%,0.000000%,0.000000%
"Tesla P100-SXM2-16GB (2)","void scan_single_block<float, int=256>(float*, int)",80,"tex_cache_hit_rate","Unified Cache Hit Rate",50.000000%,50.000000%,50.000000%
"Tesla P100-SXM2-16GB (2)","void scan_single_block<float, int=256>(float*, int)",80,"l2_tex_read_hit_rate","L2 Hit Rate (Texture Reads)",0.000000%,0.000000%,0.000000%
"Tesla P100-SXM2-16GB (2)","void scan_single_block<float, int=256>(float*, int)",80,"l2_tex_write_hit_rate","L2 Hit Rate (Texture Writes)",100.000000%,100.000000%,100.000000%
"Tesla P100-SXM2-16GB (2)","void scan_single_block<float, int=256>(float*, int)",80,"dram_read_throughput","Device Memory Read Throughput",94.573164MB/s,95.816571MB/s,95.367946MB/s
"Tesla P100-SXM2-16GB (2)","void scan_single_block<float, int=256>(float*, int)",80,"dram_write_throughput","Device Memory Write Throughput",71.386147MB/s,239.025479MB/s,138.283605MB/s
"Tesla P100-SXM2-16GB (2)","void scan_single_block<float, int=256>(float*, int)",80,"tex_cache_throughput","Unified Cache Throughput",47.286582MB/s,47.908285MB/s,47.683881MB/s
"Tesla P100-SXM2-16GB (2)","void scan_single_block<float, int=256>(float*, int)",80,"l2_tex_read_throughput","L2 Throughput (Texture Reads)",47.286582MB/s,47.908285MB/s,47.683881MB/s
"Tesla P100-SXM2-16GB (2)","void scan_single_block<float, int=256>(float*, int)",80,"l2_tex_write_throughput","L2 Throughput (Texture Writes)",47.286582MB/s,47.908285MB/s,47.683881MB/s
"Tesla P100-SXM2-16GB (2)","void scan_single_block<float, int=256>(float*, int)",80,"l2_read_throughput","L2 Throughput (Reads)",141.859747MB/s,286.830575MB/s,144.840163MB/s
"Tesla P100-SXM2-16GB (2)","void scan_single_block<float, int=256>(float*, int)",80,"l2_write_throughput","L2 Throughput (Writes)",124.127278MB/s,125.759250MB/s,125.170486MB/s
"Tesla P100-SXM2-16GB (2)","void scan_single_block<float, int=256>(float*, int)",80,"sysmem_read_throughput","System Memory Read Throughput",0.000000B/s,0.000000B/s,0.000000B/s
"Tesla P100-SXM2-16GB (2)","void scan_single_block<float, int=256>(float*, int)",80,"sysmem_write_throughput","System Memory Write Throughput",29.554113MB/s,29.942678MB/s,29.802357MB/s
"Tesla P100-SXM2-16GB (2)","void scan_single_block<float, int=256>(float*, int)",80,"local_load_throughput","Local Memory Load Throughput",0.000000B/s,0.000000B/s,0.000000B/s
"Tesla P100-SXM2-16GB (2)","void scan_single_block<float, int=256>(float*, int)",80,"local_store_throughput","Local Memory Store Throughput",0.000000B/s,0.000000B/s,0.000000B/s
"Tesla P100-SXM2-16GB (2)","void scan_single_block<float, int=256>(float*, int)",80,"shared_load_throughput","Shared Memory Load Throughput",3.140125GB/s,3.181410GB/s,3.166520GB/s
"Tesla P100-SXM2-16GB (2)","void scan_single_block<float, int=256>(float*, int)",80,"shared_store_throughput","Shared Memory Store Throughput",1.847132GB/s,1.871417GB/s,1.862659GB/s
"Tesla P100-SXM2-16GB (2)","void scan_single_block<float, int=256>(float*, int)",80,"gld_efficiency","Global Memory Load Efficiency",100.000000%,100.000000%,100.000000%
"Tesla P100-SXM2-16GB (2)","void scan_single_block<float, int=256>(float*, int)",80,"gst_efficiency","Global Memory Store Efficiency",100.000000%,100.000000%,100.000000%
"Tesla P100-SXM2-16GB (2)","void scan_single_block<float, int=256>(float*, int)",80,"tex_cache_transactions","Unified Cache Transactions",8,8,8
"Tesla P100-SXM2-16GB (2)","void scan_single_block<float, int=256>(float*, int)",80,"flop_count_dp","Floating Point Operations(Double Precision)",0,0,0
"Tesla P100-SXM2-16GB (2)","void scan_single_block<float, int=256>(float*, int)",80,"flop_count_dp_add","Floating Point Operations(Double Precision Add)",0,0,0
"Tesla P100-SXM2-16GB (2)","void scan_single_block<float, int=256>(float*, int)",80,"flop_count_dp_fma","Floating Point Operations(Double Precision FMA)",0,0,0
"Tesla P100-SXM2-16GB (2)","void scan_single_block<float, int=256>(float*, int)",80,"flop_count_dp_mul","Floating Point Operations(Double Precision Mul)",0,0,0
"Tesla P100-SXM2-16GB (2)","void scan_single_block<float, int=256>(float*, int)",80,"flop_count_sp","Floating Point Operations(Single Precision)",2048,2048,2048
"Tesla P100-SXM2-16GB (2)","void scan_single_block<float, int=256>(float*, int)",80,"flop_count_sp_add","Floating Point Operations(Single Precision Add)",2048,2048,2048
"Tesla P100-SXM2-16GB (2)","void scan_single_block<float, int=256>(float*, int)",80,"flop_count_sp_fma","Floating Point Operations(Single Precision FMA)",0,0,0
"Tesla P100-SXM2-16GB (2)","void scan_single_block<float, int=256>(float*, int)",80,"flop_count_sp_mul","Floating Point Operation(Single Precision Mul)",0,0,0
"Tesla P100-SXM2-16GB (2)","void scan_single_block<float, int=256>(float*, int)",80,"flop_count_sp_special","Floating Point Operations(Single Precision Special)",0,0,0
"Tesla P100-SXM2-16GB (2)","void scan_single_block<float, int=256>(float*, int)",80,"inst_executed","Instructions Executed",1016,1016,1016
"Tesla P100-SXM2-16GB (2)","void scan_single_block<float, int=256>(float*, int)",80,"inst_issued","Instructions Issued",1040,1040,1040
"Tesla P100-SXM2-16GB (2)","void scan_single_block<float, int=256>(float*, int)",80,"dram_utilization","Device Memory Utilization","Low (1)","Low (1)","Low (1)"
"Tesla P100-SXM2-16GB (2)","void scan_single_block<float, int=256>(float*, int)",80,"sysmem_utilization","System Memory Utilization","Low (1)","Low (1)","Low (1)"
"Tesla P100-SXM2-16GB (2)","void scan_single_block<float, int=256>(float*, int)",80,"stall_inst_fetch","Issue Stall Reasons (Instructions Fetch)",14.763387%,22.261410%,17.021311%
"Tesla P100-SXM2-16GB (2)","void scan_single_block<float, int=256>(float*, int)",80,"stall_exec_dependency","Issue Stall Reasons (Execution Dependency)",16.466237%,18.816663%,18.223815%
"Tesla P100-SXM2-16GB (2)","void scan_single_block<float, int=256>(float*, int)",80,"stall_memory_dependency","Issue Stall Reasons (Data Request)",2.374962%,4.349174%,2.723266%
"Tesla P100-SXM2-16GB (2)","void scan_single_block<float, int=256>(float*, int)",80,"stall_texture","Issue Stall Reasons (Texture)",0.000000%,0.000000%,0.000000%
"Tesla P100-SXM2-16GB (2)","void scan_single_block<float, int=256>(float*, int)",80,"stall_sync","Issue Stall Reasons (Synchronization)",33.148838%,38.927614%,36.872529%
"Tesla P100-SXM2-16GB (2)","void scan_single_block<float, int=256>(float*, int)",80,"stall_other","Issue Stall Reasons (Other)",8.679682%,9.938513%,9.607229%
"Tesla P100-SXM2-16GB (2)","void scan_single_block<float, int=256>(float*, int)",80,"stall_constant_memory_dependency","Issue Stall Reasons (Immediate constant)",13.262620%,19.752521%,15.265022%
"Tesla P100-SXM2-16GB (2)","void scan_single_block<float, int=256>(float*, int)",80,"stall_pipe_busy","Issue Stall Reasons (Pipe Busy)",0.055657%,0.068973%,0.064178%
"Tesla P100-SXM2-16GB (2)","void scan_single_block<float, int=256>(float*, int)",80,"shared_efficiency","Shared Memory Efficiency",100.000000%,100.000000%,100.000000%
"Tesla P100-SXM2-16GB (2)","void scan_single_block<float, int=256>(float*, int)",80,"inst_fp_32","FP Instructions(Single)",2048,2048,2048
"Tesla P100-SXM2-16GB (2)","void scan_single_block<float, int=256>(float*, int)",80,"inst_fp_64","FP Instructions(Double)",0,0,0
"Tesla P100-SXM2-16GB (2)","void scan_single_block<float, int=256>(float*, int)",80,"inst_integer","Integer Instructions",1280,1280,1280
"Tesla P100-SXM2-16GB (2)","void scan_single_block<float, int=256>(float*, int)",80,"inst_bit_convert","Bit-Convert Instructions",0,0,0
"Tesla P100-SXM2-16GB (2)","void scan_single_block<float, int=256>(float*, int)",80,"inst_control","Control-Flow Instructions",768,768,768
"Tesla P100-SXM2-16GB (2)","void scan_single_block<float, int=256>(float*, int)",80,"inst_compute_ld_st","Load/Store Instructions",11392,11392,11392
"Tesla P100-SXM2-16GB (2)","void scan_single_block<float, int=256>(float*, int)",80,"inst_misc","Misc Instructions",16896,16896,16896
"Tesla P100-SXM2-16GB (2)","void scan_single_block<float, int=256>(float*, int)",80,"inst_inter_thread_communication","Inter-Thread Instructions",0,0,0
"Tesla P100-SXM2-16GB (2)","void scan_single_block<float, int=256>(float*, int)",80,"issue_slots","Issue Slots",1024,1024,1024
"Tesla P100-SXM2-16GB (2)","void scan_single_block<float, int=256>(float*, int)",80,"cf_issued","Issued Control-Flow Instructions",28,28,28
"Tesla P100-SXM2-16GB (2)","void scan_single_block<float, int=256>(float*, int)",80,"cf_executed","Executed Control-Flow Instructions",28,28,28
"Tesla P100-SXM2-16GB (2)","void scan_single_block<float, int=256>(float*, int)",80,"ldst_issued","Issued Load/Store Instructions",512,512,512
"Tesla P100-SXM2-16GB (2)","void scan_single_block<float, int=256>(float*, int)",80,"ldst_executed","Executed Load/Store Instructions",636,636,636
"Tesla P100-SXM2-16GB (2)","void scan_single_block<float, int=256>(float*, int)",80,"atomic_transactions","Atomic Transactions",0,0,0
"Tesla P100-SXM2-16GB (2)","void scan_single_block<float, int=256>(float*, int)",80,"atomic_transactions_per_request","Atomic Transactions Per Request",0.000000,0.000000,0.000000
"Tesla P100-SXM2-16GB (2)","void scan_single_block<float, int=256>(float*, int)",80,"l2_atomic_throughput","L2 Throughput (Atomic requests)",0.000000B/s,0.000000B/s,0.000000B/s
"Tesla P100-SXM2-16GB (2)","void scan_single_block<float, int=256>(float*, int)",80,"l2_atomic_transactions","L2 Transactions (Atomic requests)",0,0,0
"Tesla P100-SXM2-16GB (2)","void scan_single_block<float, int=256>(float*, int)",80,"l2_tex_read_transactions","L2 Transactions (Texture Reads)",8,8,8
"Tesla P100-SXM2-16GB (2)","void scan_single_block<float, int=256>(float*, int)",80,"stall_memory_throttle","Issue Stall Reasons (Memory Throttle)",0.005032%,0.005750%,0.005569%
"Tesla P100-SXM2-16GB (2)","void scan_single_block<float, int=256>(float*, int)",80,"stall_not_selected","Issue Stall Reasons (Not Selected)",0.196236%,0.224247%,0.217081%
"Tesla P100-SXM2-16GB (2)","void scan_single_block<float, int=256>(float*, int)",80,"l2_tex_write_transactions","L2 Transactions (Texture Writes)",8,8,8
"Tesla P100-SXM2-16GB (2)","void scan_single_block<float, int=256>(float*, int)",80,"nvlink_total_data_transmitted","NVLink Total Data Transmitted",576,4512,764
"Tesla P100-SXM2-16GB (2)","void scan_single_block<float, int=256>(float*, int)",80,"nvlink_total_data_received","NVLink Total Data Received",384,6288,667
"Tesla P100-SXM2-16GB (2)","void scan_single_block<float, int=256>(float*, int)",80,"nvlink_user_data_transmitted","NVLink User Data Transmitted",0,0,0
"Tesla P100-SXM2-16GB (2)","void scan_single_block<float, int=256>(float*, int)",80,"nvlink_user_data_received","NVLink User Data Received",0,0,0
"Tesla P100-SXM2-16GB (2)","void scan_single_block<float, int=256>(float*, int)",80,"nvlink_overhead_data_transmitted","NVLink Overhead Data Transmitted",100.000000%,100.000000%,100.000000%
"Tesla P100-SXM2-16GB (2)","void scan_single_block<float, int=256>(float*, int)",80,"nvlink_overhead_data_received","NVLink Overhead Data Received",100.000000%,100.000000%,100.000000%
"Tesla P100-SXM2-16GB (2)","void scan_single_block<float, int=256>(float*, int)",80,"nvlink_total_nratom_data_transmitted","NVLink Total Nratom Data Transmitted",0,0,0
"Tesla P100-SXM2-16GB (2)","void scan_single_block<float, int=256>(float*, int)",80,"nvlink_user_nratom_data_transmitted","NVLink User Nratom Data Transmitted",0,0,0
"Tesla P100-SXM2-16GB (2)","void scan_single_block<float, int=256>(float*, int)",80,"nvlink_total_ratom_data_transmitted","NVLink Total Ratom Data Transmitted",0,0,0
"Tesla P100-SXM2-16GB (2)","void scan_single_block<float, int=256>(float*, int)",80,"nvlink_user_ratom_data_transmitted","NVLink User Ratom Data Transmitted",0,0,0
"Tesla P100-SXM2-16GB (2)","void scan_single_block<float, int=256>(float*, int)",80,"nvlink_total_write_data_transmitted","NVLink Total Write Data Transmitted",0,0,0
"Tesla P100-SXM2-16GB (2)","void scan_single_block<float, int=256>(float*, int)",80,"nvlink_user_write_data_transmitted","NVLink User Write Data Transmitted",0,0,0
"Tesla P100-SXM2-16GB (2)","void scan_single_block<float, int=256>(float*, int)",80,"nvlink_transmit_throughput","NVLink Transmit Throughput",106.394810MB/s,837.644250MB/s,142.455960MB/s
"Tesla P100-SXM2-16GB (2)","void scan_single_block<float, int=256>(float*, int)",80,"nvlink_receive_throughput","NVLink Receive Throughput",70.929873MB/s,1.139995GB/s,124.276410MB/s
"Tesla P100-SXM2-16GB (2)","void scan_single_block<float, int=256>(float*, int)",80,"nvlink_total_response_data_received","NVLink Total Response Data Received",0,0,0
"Tesla P100-SXM2-16GB (2)","void scan_single_block<float, int=256>(float*, int)",80,"nvlink_user_response_data_received","NVLink User Response Data Received",0,0,0
"Tesla P100-SXM2-16GB (2)","void scan_single_block<float, int=256>(float*, int)",80,"flop_count_hp","Floating Point Operations(Half Precision)",0,0,0
"Tesla P100-SXM2-16GB (2)","void scan_single_block<float, int=256>(float*, int)",80,"flop_count_hp_add","Floating Point Operations(Half Precision Add)",0,0,0
"Tesla P100-SXM2-16GB (2)","void scan_single_block<float, int=256>(float*, int)",80,"flop_count_hp_mul","Floating Point Operation(Half Precision Mul)",0,0,0
"Tesla P100-SXM2-16GB (2)","void scan_single_block<float, int=256>(float*, int)",80,"flop_count_hp_fma","Floating Point Operations(Half Precision FMA)",0,0,0
"Tesla P100-SXM2-16GB (2)","void scan_single_block<float, int=256>(float*, int)",80,"inst_fp_16","HP Instructions(Half)",0,0,0
"Tesla P100-SXM2-16GB (2)","void scan_single_block<float, int=256>(float*, int)",80,"ipc","Executed IPC",0.206967,0.248959,0.233335
"Tesla P100-SXM2-16GB (2)","void scan_single_block<float, int=256>(float*, int)",80,"issued_ipc","Issued IPC",0.211856,0.254902,0.247128
"Tesla P100-SXM2-16GB (2)","void scan_single_block<float, int=256>(float*, int)",80,"issue_slot_utilization","Issue Slot Utilization",10.429823%,12.549020%,12.166304%
"Tesla P100-SXM2-16GB (2)","void scan_single_block<float, int=256>(float*, int)",80,"sm_efficiency","Multiprocessor Activity",0.710933%,0.890571%,0.832208%
"Tesla P100-SXM2-16GB (2)","void scan_single_block<float, int=256>(float*, int)",80,"achieved_occupancy","Achieved Occupancy",0.123488,0.123931,0.123758
"Tesla P100-SXM2-16GB (2)","void scan_single_block<float, int=256>(float*, int)",80,"eligible_warps_per_cycle","Eligible Warps Per Active Cycle",0.249773,0.270098,0.266001
"Tesla P100-SXM2-16GB (2)","void scan_single_block<float, int=256>(float*, int)",80,"shared_utilization","Shared Memory Utilization","Low (1)","Low (1)","Low (1)"
"Tesla P100-SXM2-16GB (2)","void scan_single_block<float, int=256>(float*, int)",80,"l2_utilization","L2 Cache Utilization","Low (1)","Low (1)","Low (1)"
"Tesla P100-SXM2-16GB (2)","void scan_single_block<float, int=256>(float*, int)",80,"tex_utilization","Unified Cache Utilization","Low (1)","Low (1)","Low (1)"
"Tesla P100-SXM2-16GB (2)","void scan_single_block<float, int=256>(float*, int)",80,"ldst_fu_utilization","Load/Store Function Unit Utilization","Low (2)","Low (2)","Low (2)"
"Tesla P100-SXM2-16GB (2)","void scan_single_block<float, int=256>(float*, int)",80,"cf_fu_utilization","Control-Flow Function Unit Utilization","Low (1)","Low (1)","Low (1)"
"Tesla P100-SXM2-16GB (2)","void scan_single_block<float, int=256>(float*, int)",80,"tex_fu_utilization","Texture Function Unit Utilization","Low (1)","Low (1)","Low (1)"
"Tesla P100-SXM2-16GB (2)","void scan_single_block<float, int=256>(float*, int)",80,"special_fu_utilization","Special Function Unit Utilization","Idle (0)","Idle (0)","Idle (0)"
"Tesla P100-SXM2-16GB (2)","void scan_single_block<float, int=256>(float*, int)",80,"half_precision_fu_utilization","Half-Precision Function Unit Utilization","Idle (0)","Idle (0)","Idle (0)"
"Tesla P100-SXM2-16GB (2)","void scan_single_block<float, int=256>(float*, int)",80,"single_precision_fu_utilization","Single-Precision Function Unit Utilization","Low (1)","Low (1)","Low (1)"
"Tesla P100-SXM2-16GB (2)","void scan_single_block<float, int=256>(float*, int)",80,"double_precision_fu_utilization","Double-Precision Function Unit Utilization","Idle (0)","Idle (0)","Idle (0)"
"Tesla P100-SXM2-16GB (2)","void scan_single_block<float, int=256>(float*, int)",80,"flop_hp_efficiency","FLOP Efficiency(Peak Half)",0.000000%,0.000000%,0.000000%
"Tesla P100-SXM2-16GB (2)","void scan_single_block<float, int=256>(float*, int)",80,"flop_sp_efficiency","FLOP Efficiency(Peak Single)",0.002731%,0.003173%,0.003050%
"Tesla P100-SXM2-16GB (2)","void scan_single_block<float, int=256>(float*, int)",80,"flop_dp_efficiency","FLOP Efficiency(Peak Double)",0.000000%,0.000000%,0.000000%
"Tesla P100-SXM2-16GB (2)","void scan_single_block<float, int=256>(float*, int)",80,"sysmem_read_utilization","System Memory Read Utilization","Idle (0)","Idle (0)","Idle (0)"
"Tesla P100-SXM2-16GB (2)","void scan_single_block<float, int=256>(float*, int)",80,"sysmem_write_utilization","System Memory Write Utilization","Low (1)","Low (1)","Low (1)"
"Tesla P100-SXM2-16GB (2)","void scan_single_block<float, int=256>(float*, int)",80,"pcie_total_data_transmitted","PCIe Total Data Transmitted",0,512,198
"Tesla P100-SXM2-16GB (2)","void scan_single_block<float, int=256>(float*, int)",80,"pcie_total_data_received","PCIe Total Data Received",0,512,70
"Tesla P100-SXM2-16GB (2)","void scan_single_block<float, int=256>(float*, int)",80,"inst_executed_global_loads","Warp level instructions for global loads",2,2,2
"Tesla P100-SXM2-16GB (2)","void scan_single_block<float, int=256>(float*, int)",80,"inst_executed_local_loads","Warp level instructions for local loads",0,0,0
"Tesla P100-SXM2-16GB (2)","void scan_single_block<float, int=256>(float*, int)",80,"inst_executed_shared_loads","Warp level instructions for shared loads",136,136,136
"Tesla P100-SXM2-16GB (2)","void scan_single_block<float, int=256>(float*, int)",80,"inst_executed_surface_loads","Warp level instructions for surface loads",0,0,0
"Tesla P100-SXM2-16GB (2)","void scan_single_block<float, int=256>(float*, int)",80,"inst_executed_global_stores","Warp level instructions for global stores",2,2,2
"Tesla P100-SXM2-16GB (2)","void scan_single_block<float, int=256>(float*, int)",80,"inst_executed_local_stores","Warp level instructions for local stores",0,0,0
"Tesla P100-SXM2-16GB (2)","void scan_single_block<float, int=256>(float*, int)",80,"inst_executed_shared_stores","Warp level instructions for shared stores",80,80,80
"Tesla P100-SXM2-16GB (2)","void scan_single_block<float, int=256>(float*, int)",80,"inst_executed_surface_stores","Warp level instructions for surface stores",0,0,0
"Tesla P100-SXM2-16GB (2)","void scan_single_block<float, int=256>(float*, int)",80,"inst_executed_global_atomics","Warp level instructions for global atom and atom cas",0,0,0
"Tesla P100-SXM2-16GB (2)","void scan_single_block<float, int=256>(float*, int)",80,"inst_executed_global_reductions","Warp level instructions for global reductions",0,0,0
"Tesla P100-SXM2-16GB (2)","void scan_single_block<float, int=256>(float*, int)",80,"inst_executed_surface_atomics","Warp level instructions for surface atom and atom cas",0,0,0
"Tesla P100-SXM2-16GB (2)","void scan_single_block<float, int=256>(float*, int)",80,"inst_executed_surface_reductions","Warp level instructions for surface reductions",0,0,0
"Tesla P100-SXM2-16GB (2)","void scan_single_block<float, int=256>(float*, int)",80,"inst_executed_shared_atomics","Warp level shared instructions for atom and atom CAS",0,0,0
"Tesla P100-SXM2-16GB (2)","void scan_single_block<float, int=256>(float*, int)",80,"inst_executed_tex_ops","Warp level instructions for texture",0,0,0
"Tesla P100-SXM2-16GB (2)","void scan_single_block<float, int=256>(float*, int)",80,"l2_global_load_bytes","Bytes read from L2 for misses in Unified Cache for global loads",256,256,256
"Tesla P100-SXM2-16GB (2)","void scan_single_block<float, int=256>(float*, int)",80,"l2_local_load_bytes","Bytes read from L2 for misses in Unified Cache for local loads",0,0,0
"Tesla P100-SXM2-16GB (2)","void scan_single_block<float, int=256>(float*, int)",80,"l2_surface_load_bytes","Bytes read from L2 for misses in Unified Cache for surface loads",0,0,0
"Tesla P100-SXM2-16GB (2)","void scan_single_block<float, int=256>(float*, int)",80,"dram_read_bytes","Total bytes read from DRAM to L2 cache",512,512,512
"Tesla P100-SXM2-16GB (2)","void scan_single_block<float, int=256>(float*, int)",80,"dram_write_bytes","Total bytes written from L2 cache to DRAM",384,1280,742
"Tesla P100-SXM2-16GB (2)","void scan_single_block<float, int=256>(float*, int)",80,"l2_local_global_store_bytes","Bytes written to L2 from Unified Cache for local and global stores.",256,256,256
"Tesla P100-SXM2-16GB (2)","void scan_single_block<float, int=256>(float*, int)",80,"l2_global_reduction_bytes","Bytes written to L2 from Unified cache for global reductions",0,0,0
"Tesla P100-SXM2-16GB (2)","void scan_single_block<float, int=256>(float*, int)",80,"l2_global_atomic_store_bytes","Bytes written to L2 from Unified cache for global atomics",0,0,0
"Tesla P100-SXM2-16GB (2)","void scan_single_block<float, int=256>(float*, int)",80,"l2_surface_store_bytes","Bytes written to L2 from Unified Cache for surface stores.",0,0,0
"Tesla P100-SXM2-16GB (2)","void scan_single_block<float, int=256>(float*, int)",80,"l2_surface_reduction_bytes","Bytes written to L2 from Unified Cache for surface reductions",0,0,0
"Tesla P100-SXM2-16GB (2)","void scan_single_block<float, int=256>(float*, int)",80,"l2_surface_atomic_store_bytes","Bytes transferred between Unified Cache and L2 for surface atomics",0,0,0
"Tesla P100-SXM2-16GB (2)","void scan_single_block<float, int=256>(float*, int)",80,"global_load_requests","Total number of global load requests from Multiprocessor",8,8,8
"Tesla P100-SXM2-16GB (2)","void scan_single_block<float, int=256>(float*, int)",80,"local_load_requests","Total number of local load requests from Multiprocessor",0,0,0
"Tesla P100-SXM2-16GB (2)","void scan_single_block<float, int=256>(float*, int)",80,"surface_load_requests","Total number of surface load requests from Multiprocessor",0,0,0
"Tesla P100-SXM2-16GB (2)","void scan_single_block<float, int=256>(float*, int)",80,"global_store_requests","Total number of global store requests from Multiprocessor",8,8,8
"Tesla P100-SXM2-16GB (2)","void scan_single_block<float, int=256>(float*, int)",80,"local_store_requests","Total number of local store requests from Multiprocessor",0,0,0
"Tesla P100-SXM2-16GB (2)","void scan_single_block<float, int=256>(float*, int)",80,"surface_store_requests","Total number of surface store requests from Multiprocessor",0,0,0
"Tesla P100-SXM2-16GB (2)","void scan_single_block<float, int=256>(float*, int)",80,"global_atomic_requests","Total number of global atomic requests from Multiprocessor",0,0,0
"Tesla P100-SXM2-16GB (2)","void scan_single_block<float, int=256>(float*, int)",80,"global_reduction_requests","Total number of global reduction requests from Multiprocessor",0,0,0
"Tesla P100-SXM2-16GB (2)","void scan_single_block<float, int=256>(float*, int)",80,"surface_atomic_requests","Total number of surface atomic requests from Multiprocessor",0,0,0
"Tesla P100-SXM2-16GB (2)","void scan_single_block<float, int=256>(float*, int)",80,"surface_reduction_requests","Total number of surface reduction requests from Multiprocessor",0,0,0
"Tesla P100-SXM2-16GB (2)","void scan_single_block<float, int=256>(float*, int)",80,"sysmem_read_bytes","System Memory Read Bytes",0,0,0
"Tesla P100-SXM2-16GB (2)","void scan_single_block<float, int=256>(float*, int)",80,"sysmem_write_bytes","System Memory Write Bytes",160,160,160
"Tesla P100-SXM2-16GB (2)","void scan_single_block<float, int=256>(float*, int)",80,"l2_tex_hit_rate","L2 Cache Hit Rate",50.000000%,50.000000%,50.000000%
"Tesla P100-SXM2-16GB (2)","void scan_single_block<float, int=256>(float*, int)",80,"texture_load_requests","Total number of texture Load requests from Multiprocessor",0,0,0
"Tesla P100-SXM2-16GB (2)","void scan_single_block<float, int=256>(float*, int)",80,"unique_warps_launched","Number of warps launched",8,8,8
"Tesla P100-SXM2-16GB (2)","void bottom_scan<float, float4, int=256>(float const *, float*, float const *, int)",80,"inst_per_warp","Instructions per warp",34571.000000,34571.000000,34571.000000
"Tesla P100-SXM2-16GB (2)","void bottom_scan<float, float4, int=256>(float const *, float*, float const *, int)",80,"branch_efficiency","Branch Efficiency",100.000000%,100.000000%,100.000000%
"Tesla P100-SXM2-16GB (2)","void bottom_scan<float, float4, int=256>(float const *, float*, float const *, int)",80,"warp_execution_efficiency","Warp Execution Efficiency",100.000000%,100.000000%,100.000000%
"Tesla P100-SXM2-16GB (2)","void bottom_scan<float, float4, int=256>(float const *, float*, float const *, int)",80,"warp_nonpred_execution_efficiency","Warp Non-Predicated Execution Efficiency",99.233467%,99.233473%,99.233470%
"Tesla P100-SXM2-16GB (2)","void bottom_scan<float, float4, int=256>(float const *, float*, float const *, int)",80,"inst_replay_overhead","Instruction Replay Overhead",0.000099,0.000129,0.000116
"Tesla P100-SXM2-16GB (2)","void bottom_scan<float, float4, int=256>(float const *, float*, float const *, int)",80,"shared_load_transactions_per_request","Shared Memory Load Transactions Per Request",1.000000,1.000000,1.000000
"Tesla P100-SXM2-16GB (2)","void bottom_scan<float, float4, int=256>(float const *, float*, float const *, int)",80,"shared_store_transactions_per_request","Shared Memory Store Transactions Per Request",0.920172,0.920172,0.920172
"Tesla P100-SXM2-16GB (2)","void bottom_scan<float, float4, int=256>(float const *, float*, float const *, int)",80,"local_load_transactions_per_request","Local Memory Load Transactions Per Request",0.000000,0.000000,0.000000
"Tesla P100-SXM2-16GB (2)","void bottom_scan<float, float4, int=256>(float const *, float*, float const *, int)",80,"local_store_transactions_per_request","Local Memory Store Transactions Per Request",0.000000,0.000000,0.000000
"Tesla P100-SXM2-16GB (2)","void bottom_scan<float, float4, int=256>(float const *, float*, float const *, int)",80,"gld_transactions_per_request","Global Load Transactions Per Request",63.752933,63.752933,63.752933
"Tesla P100-SXM2-16GB (2)","void bottom_scan<float, float4, int=256>(float const *, float*, float const *, int)",80,"gst_transactions_per_request","Global Store Transactions Per Request",16.000000,16.000000,16.000000
"Tesla P100-SXM2-16GB (2)","void bottom_scan<float, float4, int=256>(float const *, float*, float const *, int)",80,"shared_store_transactions","Shared Store Transactions",1327168,1327168,1327168
"Tesla P100-SXM2-16GB (2)","void bottom_scan<float, float4, int=256>(float const *, float*, float const *, int)",80,"shared_load_transactions","Shared Load Transactions",2359296,2359296,2359296
"Tesla P100-SXM2-16GB (2)","void bottom_scan<float, float4, int=256>(float const *, float*, float const *, int)",80,"local_load_transactions","Local Load Transactions",0,0,0
"Tesla P100-SXM2-16GB (2)","void bottom_scan<float, float4, int=256>(float const *, float*, float const *, int)",80,"local_store_transactions","Local Store Transactions",0,0,0
"Tesla P100-SXM2-16GB (2)","void bottom_scan<float, float4, int=256>(float const *, float*, float const *, int)",80,"gld_transactions","Global Load Transactions",8388866,8388866,8388866
"Tesla P100-SXM2-16GB (2)","void bottom_scan<float, float4, int=256>(float const *, float*, float const *, int)",80,"gst_transactions","Global Store Transactions",2097152,2097152,2097152
"Tesla P100-SXM2-16GB (2)","void bottom_scan<float, float4, int=256>(float const *, float*, float const *, int)",80,"sysmem_read_transactions","System Memory Read Transactions",0,0,0
"Tesla P100-SXM2-16GB (2)","void bottom_scan<float, float4, int=256>(float const *, float*, float const *, int)",80,"sysmem_write_transactions","System Memory Write Transactions",5,5,5
"Tesla P100-SXM2-16GB (2)","void bottom_scan<float, float4, int=256>(float const *, float*, float const *, int)",80,"l2_read_transactions","L2 Read Transactions",2097312,2097616,2097322
"Tesla P100-SXM2-16GB (2)","void bottom_scan<float, float4, int=256>(float const *, float*, float const *, int)",80,"l2_write_transactions","L2 Write Transactions",2097172,2097229,2097200
"Tesla P100-SXM2-16GB (2)","void bottom_scan<float, float4, int=256>(float const *, float*, float const *, int)",80,"dram_read_transactions","Device Memory Read Transactions",2095996,2096332,2096124
"Tesla P100-SXM2-16GB (2)","void bottom_scan<float, float4, int=256>(float const *, float*, float const *, int)",80,"dram_write_transactions","Device Memory Write Transactions",2097925,2099984,2099234
"Tesla P100-SXM2-16GB (2)","void bottom_scan<float, float4, int=256>(float const *, float*, float const *, int)",80,"global_hit_rate","Global Hit Rate in unified l1/tex",0.000000%,0.000000%,0.000000%
"Tesla P100-SXM2-16GB (2)","void bottom_scan<float, float4, int=256>(float const *, float*, float const *, int)",80,"local_hit_rate","Local Hit Rate",0.000000%,0.000000%,0.000000%
"Tesla P100-SXM2-16GB (2)","void bottom_scan<float, float4, int=256>(float const *, float*, float const *, int)",80,"gld_requested_throughput","Requested Global Load Throughput",97.878991GB/s,97.987176GB/s,97.942949GB/s
"Tesla P100-SXM2-16GB (2)","void bottom_scan<float, float4, int=256>(float const *, float*, float const *, int)",80,"gst_requested_throughput","Requested Global Store Throughput",97.878618GB/s,97.986802GB/s,97.942575GB/s
"Tesla P100-SXM2-16GB (2)","void bottom_scan<float, float4, int=256>(float const *, float*, float const *, int)",80,"gld_throughput","Global Load Throughput",97.881605GB/s,97.989793GB/s,97.945564GB/s
"Tesla P100-SXM2-16GB (2)","void bottom_scan<float, float4, int=256>(float const *, float*, float const *, int)",80,"gst_throughput","Global Store Throughput",97.878618GB/s,97.986802GB/s,97.942575GB/s
"Tesla P100-SXM2-16GB (2)","void bottom_scan<float, float4, int=256>(float const *, float*, float const *, int)",80,"local_memory_overhead","Local Memory Overhead",0.000000%,0.000000%,0.000000%
"Tesla P100-SXM2-16GB (2)","void bottom_scan<float, float4, int=256>(float const *, float*, float const *, int)",80,"tex_cache_hit_rate","Unified Cache Hit Rate",0.000000%,0.000000%,0.000000%
"Tesla P100-SXM2-16GB (2)","void bottom_scan<float, float4, int=256>(float const *, float*, float const *, int)",80,"l2_tex_read_hit_rate","L2 Hit Rate (Texture Reads)",0.045966%,0.060652%,0.052322%
"Tesla P100-SXM2-16GB (2)","void bottom_scan<float, float4, int=256>(float const *, float*, float const *, int)",80,"l2_tex_write_hit_rate","L2 Hit Rate (Texture Writes)",0.000000%,0.000000%,0.000000%
"Tesla P100-SXM2-16GB (2)","void bottom_scan<float, float4, int=256>(float const *, float*, float const *, int)",80,"dram_read_throughput","Device Memory Read Throughput",97.830452GB/s,97.939918GB/s,97.894598GB/s
"Tesla P100-SXM2-16GB (2)","void bottom_scan<float, float4, int=256>(float const *, float*, float const *, int)",80,"dram_write_throughput","Device Memory Write Throughput",97.957957GB/s,98.112048GB/s,98.039849GB/s
"Tesla P100-SXM2-16GB (2)","void bottom_scan<float, float4, int=256>(float const *, float*, float const *, int)",80,"tex_cache_throughput","Unified Cache Throughput",97.881605GB/s,97.989793GB/s,97.945564GB/s
"Tesla P100-SXM2-16GB (2)","void bottom_scan<float, float4, int=256>(float const *, float*, float const *, int)",80,"l2_tex_read_throughput","L2 Throughput (Texture Reads)",97.881605GB/s,97.989793GB/s,97.945564GB/s
"Tesla P100-SXM2-16GB (2)","void bottom_scan<float, float4, int=256>(float const *, float*, float const *, int)",80,"l2_tex_write_throughput","L2 Throughput (Texture Writes)",97.878618GB/s,97.986802GB/s,97.942575GB/s
"Tesla P100-SXM2-16GB (2)","void bottom_scan<float, float4, int=256>(float const *, float*, float const *, int)",80,"l2_read_throughput","L2 Throughput (Reads)",97.886086GB/s,98.001414GB/s,97.950557GB/s
"Tesla P100-SXM2-16GB (2)","void bottom_scan<float, float4, int=256>(float const *, float*, float const *, int)",80,"l2_write_throughput","L2 Throughput (Writes)",97.882212GB/s,97.990353GB/s,97.944857GB/s
"Tesla P100-SXM2-16GB (2)","void bottom_scan<float, float4, int=256>(float const *, float*, float const *, int)",80,"sysmem_read_throughput","System Memory Read Throughput",0.000000B/s,0.000000B/s,0.000000B/s
"Tesla P100-SXM2-16GB (2)","void bottom_scan<float, float4, int=256>(float const *, float*, float const *, int)",80,"sysmem_write_throughput","System Memory Write Throughput",244.696289KB/s,244.966797KB/s,244.854492KB/s
"Tesla P100-SXM2-16GB (2)","void bottom_scan<float, float4, int=256>(float const *, float*, float const *, int)",80,"local_load_throughput","Local Memory Load Throughput",0.000000B/s,0.000000B/s,0.000000B/s
"Tesla P100-SXM2-16GB (2)","void bottom_scan<float, float4, int=256>(float const *, float*, float const *, int)",80,"local_store_throughput","Local Memory Store Throughput",0.000000B/s,0.000000B/s,0.000000B/s
"Tesla P100-SXM2-16GB (2)","void bottom_scan<float, float4, int=256>(float const *, float*, float const *, int)",80,"shared_load_throughput","Shared Memory Load Throughput",440.453781GB/s,440.940611GB/s,440.741588GB/s
"Tesla P100-SXM2-16GB (2)","void bottom_scan<float, float4, int=256>(float const *, float*, float const *, int)",80,"shared_store_throughput","Shared Memory Store Throughput",247.767200GB/s,248.041055GB/s,247.929099GB/s
"Tesla P100-SXM2-16GB (2)","void bottom_scan<float, float4, int=256>(float const *, float*, float const *, int)",80,"gld_efficiency","Global Memory Load Efficiency",99.997330%,99.997330%,99.997330%
"Tesla P100-SXM2-16GB (2)","void bottom_scan<float, float4, int=256>(float const *, float*, float const *, int)",80,"gst_efficiency","Global Memory Store Efficiency",100.000000%,100.000000%,100.000000%
"Tesla P100-SXM2-16GB (2)","void bottom_scan<float, float4, int=256>(float const *, float*, float const *, int)",80,"tex_cache_transactions","Unified Cache Transactions",2097216,2097216,2097216
"Tesla P100-SXM2-16GB (2)","void bottom_scan<float, float4, int=256>(float const *, float*, float const *, int)",80,"flop_count_dp","Floating Point Operations(Double Precision)",0,0,0
"Tesla P100-SXM2-16GB (2)","void bottom_scan<float, float4, int=256>(float const *, float*, float const *, int)",80,"flop_count_dp_add","Floating Point Operations(Double Precision Add)",0,0,0
"Tesla P100-SXM2-16GB (2)","void bottom_scan<float, float4, int=256>(float const *, float*, float const *, int)",80,"flop_count_dp_fma","Floating Point Operations(Double Precision FMA)",0,0,0
"Tesla P100-SXM2-16GB (2)","void bottom_scan<float, float4, int=256>(float const *, float*, float const *, int)",80,"flop_count_dp_mul","Floating Point Operations(Double Precision Mul)",0,0,0
"Tesla P100-SXM2-16GB (2)","void bottom_scan<float, float4, int=256>(float const *, float*, float const *, int)",80,"flop_count_sp","Floating Point Operations(Single Precision)",67108864,67108864,67108864
"Tesla P100-SXM2-16GB (2)","void bottom_scan<float, float4, int=256>(float const *, float*, float const *, int)",80,"flop_count_sp_add","Floating Point Operations(Single Precision Add)",67108864,67108864,67108864
"Tesla P100-SXM2-16GB (2)","void bottom_scan<float, float4, int=256>(float const *, float*, float const *, int)",80,"flop_count_sp_fma","Floating Point Operations(Single Precision FMA)",0,0,0
"Tesla P100-SXM2-16GB (2)","void bottom_scan<float, float4, int=256>(float const *, float*, float const *, int)",80,"flop_count_sp_mul","Floating Point Operation(Single Precision Mul)",0,0,0
"Tesla P100-SXM2-16GB (2)","void bottom_scan<float, float4, int=256>(float const *, float*, float const *, int)",80,"flop_count_sp_special","Floating Point Operations(Single Precision Special)",16384,16384,16384
"Tesla P100-SXM2-16GB (2)","void bottom_scan<float, float4, int=256>(float const *, float*, float const *, int)",80,"inst_executed","Instructions Executed",17700352,17700352,17700352
"Tesla P100-SXM2-16GB (2)","void bottom_scan<float, float4, int=256>(float const *, float*, float const *, int)",80,"inst_issued","Instructions Issued",17702102,17702632,17702388
"Tesla P100-SXM2-16GB (2)","void bottom_scan<float, float4, int=256>(float const *, float*, float const *, int)",80,"dram_utilization","Device Memory Utilization","Low (3)","Low (3)","Low (3)"
"Tesla P100-SXM2-16GB (2)","void bottom_scan<float, float4, int=256>(float const *, float*, float const *, int)",80,"sysmem_utilization","System Memory Utilization","Low (1)","Low (1)","Low (1)"
"Tesla P100-SXM2-16GB (2)","void bottom_scan<float, float4, int=256>(float const *, float*, float const *, int)",80,"stall_inst_fetch","Issue Stall Reasons (Instructions Fetch)",7.020043%,7.128754%,7.058577%
"Tesla P100-SXM2-16GB (2)","void bottom_scan<float, float4, int=256>(float const *, float*, float const *, int)",80,"stall_exec_dependency","Issue Stall Reasons (Execution Dependency)",25.347733%,25.455450%,25.398766%
"Tesla P100-SXM2-16GB (2)","void bottom_scan<float, float4, int=256>(float const *, float*, float const *, int)",80,"stall_memory_dependency","Issue Stall Reasons (Data Request)",7.027586%,7.421633%,7.208145%
"Tesla P100-SXM2-16GB (2)","void bottom_scan<float, float4, int=256>(float const *, float*, float const *, int)",80,"stall_texture","Issue Stall Reasons (Texture)",0.000000%,0.000000%,0.000000%
"Tesla P100-SXM2-16GB (2)","void bottom_scan<float, float4, int=256>(float const *, float*, float const *, int)",80,"stall_sync","Issue Stall Reasons (Synchronization)",44.705581%,44.931641%,44.812858%
"Tesla P100-SXM2-16GB (2)","void bottom_scan<float, float4, int=256>(float const *, float*, float const *, int)",80,"stall_other","Issue Stall Reasons (Other)",14.905178%,14.973686%,14.937978%
"Tesla P100-SXM2-16GB (2)","void bottom_scan<float, float4, int=256>(float const *, float*, float const *, int)",80,"stall_constant_memory_dependency","Issue Stall Reasons (Immediate constant)",0.077062%,0.117201%,0.084514%
"Tesla P100-SXM2-16GB (2)","void bottom_scan<float, float4, int=256>(float const *, float*, float const *, int)",80,"stall_pipe_busy","Issue Stall Reasons (Pipe Busy)",0.004240%,0.004425%,0.004331%
"Tesla P100-SXM2-16GB (2)","void bottom_scan<float, float4, int=256>(float const *, float*, float const *, int)",80,"shared_efficiency","Shared Memory Efficiency",96.123385%,96.123385%,96.123385%
"Tesla P100-SXM2-16GB (2)","void bottom_scan<float, float4, int=256>(float const *, float*, float const *, int)",80,"inst_fp_32","FP Instructions(Single)",67125248,67125248,67125248
"Tesla P100-SXM2-16GB (2)","void bottom_scan<float, float4, int=256>(float const *, float*, float const *, int)",80,"inst_fp_64","FP Instructions(Double)",0,0,0
"Tesla P100-SXM2-16GB (2)","void bottom_scan<float, float4, int=256>(float const *, float*, float const *, int)",80,"inst_integer","Integer Instructions",18546624,18546624,18546624
"Tesla P100-SXM2-16GB (2)","void bottom_scan<float, float4, int=256>(float const *, float*, float const *, int)",80,"inst_bit_convert","Bit-Convert Instructions",32768,32768,32768
"Tesla P100-SXM2-16GB (2)","void bottom_scan<float, float4, int=256>(float const *, float*, float const *, int)",80,"inst_control","Control-Flow Instructions",1064960,1064960,1064960
"Tesla P100-SXM2-16GB (2)","void bottom_scan<float, float4, int=256>(float const *, float*, float const *, int)",80,"inst_compute_ld_st","Load/Store Instructions",201359488,201359488,201359488
"Tesla P100-SXM2-16GB (2)","void bottom_scan<float, float4, int=256>(float const *, float*, float const *, int)",80,"inst_misc","Misc Instructions",273940480,273940480,273940480
"Tesla P100-SXM2-16GB (2)","void bottom_scan<float, float4, int=256>(float const *, float*, float const *, int)",80,"inst_inter_thread_communication","Inter-Thread Instructions",0,0,0
"Tesla P100-SXM2-16GB (2)","void bottom_scan<float, float4, int=256>(float const *, float*, float const *, int)",80,"issue_slots","Issue Slots",16881318,16881724,16881552
"Tesla P100-SXM2-16GB (2)","void bottom_scan<float, float4, int=256>(float const *, float*, float const *, int)",80,"cf_issued","Issued Control-Flow Instructions",34816,34816,34816
"Tesla P100-SXM2-16GB (2)","void bottom_scan<float, float4, int=256>(float const *, float*, float const *, int)",80,"cf_executed","Executed Control-Flow Instructions",34816,34816,34816
"Tesla P100-SXM2-16GB (2)","void bottom_scan<float, float4, int=256>(float const *, float*, float const *, int)",80,"ldst_issued","Issued Load/Store Instructions",11143744,11143744,11143744
"Tesla P100-SXM2-16GB (2)","void bottom_scan<float, float4, int=256>(float const *, float*, float const *, int)",80,"ldst_executed","Executed Load/Store Instructions",11144704,11144704,11144704
"Tesla P100-SXM2-16GB (2)","void bottom_scan<float, float4, int=256>(float const *, float*, float const *, int)",80,"atomic_transactions","Atomic Transactions",0,0,0
"Tesla P100-SXM2-16GB (2)","void bottom_scan<float, float4, int=256>(float const *, float*, float const *, int)",80,"atomic_transactions_per_request","Atomic Transactions Per Request",0.000000,0.000000,0.000000
"Tesla P100-SXM2-16GB (2)","void bottom_scan<float, float4, int=256>(float const *, float*, float const *, int)",80,"l2_atomic_throughput","L2 Throughput (Atomic requests)",0.000000B/s,0.000000B/s,0.000000B/s
"Tesla P100-SXM2-16GB (2)","void bottom_scan<float, float4, int=256>(float const *, float*, float const *, int)",80,"l2_atomic_transactions","L2 Transactions (Atomic requests)",0,0,0
"Tesla P100-SXM2-16GB (2)","void bottom_scan<float, float4, int=256>(float const *, float*, float const *, int)",80,"l2_tex_read_transactions","L2 Transactions (Texture Reads)",2097216,2097216,2097216
"Tesla P100-SXM2-16GB (2)","void bottom_scan<float, float4, int=256>(float const *, float*, float const *, int)",80,"stall_memory_throttle","Issue Stall Reasons (Memory Throttle)",0.000127%,0.000177%,0.000144%
"Tesla P100-SXM2-16GB (2)","void bottom_scan<float, float4, int=256>(float const *, float*, float const *, int)",80,"stall_not_selected","Issue Stall Reasons (Not Selected)",0.492716%,0.497112%,0.494686%
"Tesla P100-SXM2-16GB (2)","void bottom_scan<float, float4, int=256>(float const *, float*, float const *, int)",80,"l2_tex_write_transactions","L2 Transactions (Texture Writes)",2097152,2097152,2097152
"Tesla P100-SXM2-16GB (2)","void bottom_scan<float, float4, int=256>(float const *, float*, float const *, int)",80,"nvlink_total_data_transmitted","NVLink Total Data Transmitted",576,12320,1183
"Tesla P100-SXM2-16GB (2)","void bottom_scan<float, float4, int=256>(float const *, float*, float const *, int)",80,"nvlink_total_data_received","NVLink Total Data Received",384,18000,1295
"Tesla P100-SXM2-16GB (2)","void bottom_scan<float, float4, int=256>(float const *, float*, float const *, int)",80,"nvlink_user_data_transmitted","NVLink User Data Transmitted",0,0,0
"Tesla P100-SXM2-16GB (2)","void bottom_scan<float, float4, int=256>(float const *, float*, float const *, int)",80,"nvlink_user_data_received","NVLink User Data Received",0,0,0
"Tesla P100-SXM2-16GB (2)","void bottom_scan<float, float4, int=256>(float const *, float*, float const *, int)",80,"nvlink_overhead_data_transmitted","NVLink Overhead Data Transmitted",100.000000%,100.000000%,100.000000%
"Tesla P100-SXM2-16GB (2)","void bottom_scan<float, float4, int=256>(float const *, float*, float const *, int)",80,"nvlink_overhead_data_received","NVLink Overhead Data Received",100.000000%,100.000000%,100.000000%
"Tesla P100-SXM2-16GB (2)","void bottom_scan<float, float4, int=256>(float const *, float*, float const *, int)",80,"nvlink_total_nratom_data_transmitted","NVLink Total Nratom Data Transmitted",0,0,0
"Tesla P100-SXM2-16GB (2)","void bottom_scan<float, float4, int=256>(float const *, float*, float const *, int)",80,"nvlink_user_nratom_data_transmitted","NVLink User Nratom Data Transmitted",0,0,0
"Tesla P100-SXM2-16GB (2)","void bottom_scan<float, float4, int=256>(float const *, float*, float const *, int)",80,"nvlink_total_ratom_data_transmitted","NVLink Total Ratom Data Transmitted",0,0,0
"Tesla P100-SXM2-16GB (2)","void bottom_scan<float, float4, int=256>(float const *, float*, float const *, int)",80,"nvlink_user_ratom_data_transmitted","NVLink User Ratom Data Transmitted",0,0,0
"Tesla P100-SXM2-16GB (2)","void bottom_scan<float, float4, int=256>(float const *, float*, float const *, int)",80,"nvlink_total_write_data_transmitted","NVLink Total Write Data Transmitted",0,0,0
"Tesla P100-SXM2-16GB (2)","void bottom_scan<float, float4, int=256>(float const *, float*, float const *, int)",80,"nvlink_user_write_data_transmitted","NVLink User Write Data Transmitted",0,0,0
"Tesla P100-SXM2-16GB (2)","void bottom_scan<float, float4, int=256>(float const *, float*, float const *, int)",80,"nvlink_transmit_throughput","NVLink Transmit Throughput",880.994141KB/s,18.411595MB/s,1.768870MB/s
"Tesla P100-SXM2-16GB (2)","void bottom_scan<float, float4, int=256>(float const *, float*, float const *, int)",80,"nvlink_receive_throughput","NVLink Receive Throughput",587.329102KB/s,26.900058MB/s,1.935954MB/s
"Tesla P100-SXM2-16GB (2)","void bottom_scan<float, float4, int=256>(float const *, float*, float const *, int)",80,"nvlink_total_response_data_received","NVLink Total Response Data Received",0,0,0
"Tesla P100-SXM2-16GB (2)","void bottom_scan<float, float4, int=256>(float const *, float*, float const *, int)",80,"nvlink_user_response_data_received","NVLink User Response Data Received",0,0,0
"Tesla P100-SXM2-16GB (2)","void bottom_scan<float, float4, int=256>(float const *, float*, float const *, int)",80,"flop_count_hp","Floating Point Operations(Half Precision)",0,0,0
"Tesla P100-SXM2-16GB (2)","void bottom_scan<float, float4, int=256>(float const *, float*, float const *, int)",80,"flop_count_hp_add","Floating Point Operations(Half Precision Add)",0,0,0
"Tesla P100-SXM2-16GB (2)","void bottom_scan<float, float4, int=256>(float const *, float*, float const *, int)",80,"flop_count_hp_mul","Floating Point Operation(Half Precision Mul)",0,0,0
"Tesla P100-SXM2-16GB (2)","void bottom_scan<float, float4, int=256>(float const *, float*, float const *, int)",80,"flop_count_hp_fma","Floating Point Operations(Half Precision FMA)",0,0,0
"Tesla P100-SXM2-16GB (2)","void bottom_scan<float, float4, int=256>(float const *, float*, float const *, int)",80,"inst_fp_16","HP Instructions(Half)",0,0,0
"Tesla P100-SXM2-16GB (2)","void bottom_scan<float, float4, int=256>(float const *, float*, float const *, int)",80,"ipc","Executed IPC",0.383245,0.386977,0.385015
"Tesla P100-SXM2-16GB (2)","void bottom_scan<float, float4, int=256>(float const *, float*, float const *, int)",80,"issued_ipc","Issued IPC",0.383288,0.386763,0.385609
"Tesla P100-SXM2-16GB (2)","void bottom_scan<float, float4, int=256>(float const *, float*, float const *, int)",80,"issue_slot_utilization","Issue Slot Utilization",18.275739%,18.441436%,18.386424%
"Tesla P100-SXM2-16GB (2)","void bottom_scan<float, float4, int=256>(float const *, float*, float const *, int)",80,"sm_efficiency","Multiprocessor Activity",95.132369%,95.881086%,95.547374%
"Tesla P100-SXM2-16GB (2)","void bottom_scan<float, float4, int=256>(float const *, float*, float const *, int)",80,"achieved_occupancy","Achieved Occupancy",0.143287,0.143436,0.143359
"Tesla P100-SXM2-16GB (2)","void bottom_scan<float, float4, int=256>(float const *, float*, float const *, int)",80,"eligible_warps_per_cycle","Eligible Warps Per Active Cycle",0.410620,0.412609,0.411656
"Tesla P100-SXM2-16GB (2)","void bottom_scan<float, float4, int=256>(float const *, float*, float const *, int)",80,"shared_utilization","Shared Memory Utilization","Low (1)","Low (1)","Low (1)"
"Tesla P100-SXM2-16GB (2)","void bottom_scan<float, float4, int=256>(float const *, float*, float const *, int)",80,"l2_utilization","L2 Cache Utilization","Low (1)","Low (1)","Low (1)"
"Tesla P100-SXM2-16GB (2)","void bottom_scan<float, float4, int=256>(float const *, float*, float const *, int)",80,"tex_utilization","Unified Cache Utilization","Low (1)","Low (1)","Low (1)"
"Tesla P100-SXM2-16GB (2)","void bottom_scan<float, float4, int=256>(float const *, float*, float const *, int)",80,"ldst_fu_utilization","Load/Store Function Unit Utilization","Low (2)","Low (2)","Low (2)"
"Tesla P100-SXM2-16GB (2)","void bottom_scan<float, float4, int=256>(float const *, float*, float const *, int)",80,"cf_fu_utilization","Control-Flow Function Unit Utilization","Low (1)","Low (1)","Low (1)"
"Tesla P100-SXM2-16GB (2)","void bottom_scan<float, float4, int=256>(float const *, float*, float const *, int)",80,"tex_fu_utilization","Texture Function Unit Utilization","Low (1)","Low (1)","Low (1)"
"Tesla P100-SXM2-16GB (2)","void bottom_scan<float, float4, int=256>(float const *, float*, float const *, int)",80,"special_fu_utilization","Special Function Unit Utilization","Low (1)","Low (1)","Low (1)"
"Tesla P100-SXM2-16GB (2)","void bottom_scan<float, float4, int=256>(float const *, float*, float const *, int)",80,"half_precision_fu_utilization","Half-Precision Function Unit Utilization","Idle (0)","Idle (0)","Idle (0)"
"Tesla P100-SXM2-16GB (2)","void bottom_scan<float, float4, int=256>(float const *, float*, float const *, int)",80,"single_precision_fu_utilization","Single-Precision Function Unit Utilization","Low (1)","Low (1)","Low (1)"
"Tesla P100-SXM2-16GB (2)","void bottom_scan<float, float4, int=256>(float const *, float*, float const *, int)",80,"double_precision_fu_utilization","Double-Precision Function Unit Utilization","Idle (0)","Idle (0)","Idle (0)"
"Tesla P100-SXM2-16GB (2)","void bottom_scan<float, float4, int=256>(float const *, float*, float const *, int)",80,"flop_hp_efficiency","FLOP Efficiency(Peak Half)",0.000000%,0.000000%,0.000000%
"Tesla P100-SXM2-16GB (2)","void bottom_scan<float, float4, int=256>(float const *, float*, float const *, int)",80,"flop_sp_efficiency","FLOP Efficiency(Peak Single)",1.083430%,1.095617%,1.089639%
"Tesla P100-SXM2-16GB (2)","void bottom_scan<float, float4, int=256>(float const *, float*, float const *, int)",80,"flop_dp_efficiency","FLOP Efficiency(Peak Double)",0.000000%,0.000000%,0.000000%
"Tesla P100-SXM2-16GB (2)","void bottom_scan<float, float4, int=256>(float const *, float*, float const *, int)",80,"sysmem_read_utilization","System Memory Read Utilization","Idle (0)","Idle (0)","Idle (0)"
"Tesla P100-SXM2-16GB (2)","void bottom_scan<float, float4, int=256>(float const *, float*, float const *, int)",80,"sysmem_write_utilization","System Memory Write Utilization","Low (1)","Low (1)","Low (1)"
"Tesla P100-SXM2-16GB (2)","void bottom_scan<float, float4, int=256>(float const *, float*, float const *, int)",80,"pcie_total_data_transmitted","PCIe Total Data Transmitted",0,3584,320
"Tesla P100-SXM2-16GB (2)","void bottom_scan<float, float4, int=256>(float const *, float*, float const *, int)",80,"pcie_total_data_received","PCIe Total Data Received",0,1536,83
"Tesla P100-SXM2-16GB (2)","void bottom_scan<float, float4, int=256>(float const *, float*, float const *, int)",80,"inst_executed_global_loads","Warp level instructions for global loads",131584,131584,131584
"Tesla P100-SXM2-16GB (2)","void bottom_scan<float, float4, int=256>(float const *, float*, float const *, int)",80,"inst_executed_local_loads","Warp level instructions for local loads",0,0,0
"Tesla P100-SXM2-16GB (2)","void bottom_scan<float, float4, int=256>(float const *, float*, float const *, int)",80,"inst_executed_shared_loads","Warp level instructions for shared loads",2359296,2359296,2359296
"Tesla P100-SXM2-16GB (2)","void bottom_scan<float, float4, int=256>(float const *, float*, float const *, int)",80,"inst_executed_surface_loads","Warp level instructions for surface loads",0,0,0
"Tesla P100-SXM2-16GB (2)","void bottom_scan<float, float4, int=256>(float const *, float*, float const *, int)",80,"inst_executed_global_stores","Warp level instructions for global stores",131072,131072,131072
"Tesla P100-SXM2-16GB (2)","void bottom_scan<float, float4, int=256>(float const *, float*, float const *, int)",80,"inst_executed_local_stores","Warp level instructions for local stores",0,0,0
"Tesla P100-SXM2-16GB (2)","void bottom_scan<float, float4, int=256>(float const *, float*, float const *, int)",80,"inst_executed_shared_stores","Warp level instructions for shared stores",1442304,1442304,1442304
"Tesla P100-SXM2-16GB (2)","void bottom_scan<float, float4, int=256>(float const *, float*, float const *, int)",80,"inst_executed_surface_stores","Warp level instructions for surface stores",0,0,0
"Tesla P100-SXM2-16GB (2)","void bottom_scan<float, float4, int=256>(float const *, float*, float const *, int)",80,"inst_executed_global_atomics","Warp level instructions for global atom and atom cas",0,0,0
"Tesla P100-SXM2-16GB (2)","void bottom_scan<float, float4, int=256>(float const *, float*, float const *, int)",80,"inst_executed_global_reductions","Warp level instructions for global reductions",0,0,0
"Tesla P100-SXM2-16GB (2)","void bottom_scan<float, float4, int=256>(float const *, float*, float const *, int)",80,"inst_executed_surface_atomics","Warp level instructions for surface atom and atom cas",0,0,0
"Tesla P100-SXM2-16GB (2)","void bottom_scan<float, float4, int=256>(float const *, float*, float const *, int)",80,"inst_executed_surface_reductions","Warp level instructions for surface reductions",0,0,0
"Tesla P100-SXM2-16GB (2)","void bottom_scan<float, float4, int=256>(float const *, float*, float const *, int)",80,"inst_executed_shared_atomics","Warp level shared instructions for atom and atom CAS",0,0,0
"Tesla P100-SXM2-16GB (2)","void bottom_scan<float, float4, int=256>(float const *, float*, float const *, int)",80,"inst_executed_tex_ops","Warp level instructions for texture",0,0,0
"Tesla P100-SXM2-16GB (2)","void bottom_scan<float, float4, int=256>(float const *, float*, float const *, int)",80,"l2_global_load_bytes","Bytes read from L2 for misses in Unified Cache for global loads",67110912,67110912,67110912
"Tesla P100-SXM2-16GB (2)","void bottom_scan<float, float4, int=256>(float const *, float*, float const *, int)",80,"l2_local_load_bytes","Bytes read from L2 for misses in Unified Cache for local loads",0,0,0
"Tesla P100-SXM2-16GB (2)","void bottom_scan<float, float4, int=256>(float const *, float*, float const *, int)",80,"l2_surface_load_bytes","Bytes read from L2 for misses in Unified Cache for surface loads",0,0,0
"Tesla P100-SXM2-16GB (2)","void bottom_scan<float, float4, int=256>(float const *, float*, float const *, int)",80,"dram_read_bytes","Total bytes read from DRAM to L2 cache",67071872,67082624,67075990
"Tesla P100-SXM2-16GB (2)","void bottom_scan<float, float4, int=256>(float const *, float*, float const *, int)",80,"dram_write_bytes","Total bytes written from L2 cache to DRAM",67133600,67199488,67175514
"Tesla P100-SXM2-16GB (2)","void bottom_scan<float, float4, int=256>(float const *, float*, float const *, int)",80,"l2_local_global_store_bytes","Bytes written to L2 from Unified Cache for local and global stores.",67108864,67108864,67108864
"Tesla P100-SXM2-16GB (2)","void bottom_scan<float, float4, int=256>(float const *, float*, float const *, int)",80,"l2_global_reduction_bytes","Bytes written to L2 from Unified cache for global reductions",0,0,0
"Tesla P100-SXM2-16GB (2)","void bottom_scan<float, float4, int=256>(float const *, float*, float const *, int)",80,"l2_global_atomic_store_bytes","Bytes written to L2 from Unified cache for global atomics",0,0,0
"Tesla P100-SXM2-16GB (2)","void bottom_scan<float, float4, int=256>(float const *, float*, float const *, int)",80,"l2_surface_store_bytes","Bytes written to L2 from Unified Cache for surface stores.",0,0,0
"Tesla P100-SXM2-16GB (2)","void bottom_scan<float, float4, int=256>(float const *, float*, float const *, int)",80,"l2_surface_reduction_bytes","Bytes written to L2 from Unified Cache for surface reductions",0,0,0
"Tesla P100-SXM2-16GB (2)","void bottom_scan<float, float4, int=256>(float const *, float*, float const *, int)",80,"l2_surface_atomic_store_bytes","Bytes transferred between Unified Cache and L2 for surface atomics",0,0,0
"Tesla P100-SXM2-16GB (2)","void bottom_scan<float, float4, int=256>(float const *, float*, float const *, int)",80,"global_load_requests","Total number of global load requests from Multiprocessor",524352,524352,524352
"Tesla P100-SXM2-16GB (2)","void bottom_scan<float, float4, int=256>(float const *, float*, float const *, int)",80,"local_load_requests","Total number of local load requests from Multiprocessor",0,0,0
"Tesla P100-SXM2-16GB (2)","void bottom_scan<float, float4, int=256>(float const *, float*, float const *, int)",80,"surface_load_requests","Total number of surface load requests from Multiprocessor",0,0,0
"Tesla P100-SXM2-16GB (2)","void bottom_scan<float, float4, int=256>(float const *, float*, float const *, int)",80,"global_store_requests","Total number of global store requests from Multiprocessor",2097152,2097152,2097152
"Tesla P100-SXM2-16GB (2)","void bottom_scan<float, float4, int=256>(float const *, float*, float const *, int)",80,"local_store_requests","Total number of local store requests from Multiprocessor",0,0,0
"Tesla P100-SXM2-16GB (2)","void bottom_scan<float, float4, int=256>(float const *, float*, float const *, int)",80,"surface_store_requests","Total number of surface store requests from Multiprocessor",0,0,0
"Tesla P100-SXM2-16GB (2)","void bottom_scan<float, float4, int=256>(float const *, float*, float const *, int)",80,"global_atomic_requests","Total number of global atomic requests from Multiprocessor",0,0,0
"Tesla P100-SXM2-16GB (2)","void bottom_scan<float, float4, int=256>(float const *, float*, float const *, int)",80,"global_reduction_requests","Total number of global reduction requests from Multiprocessor",0,0,0
"Tesla P100-SXM2-16GB (2)","void bottom_scan<float, float4, int=256>(float const *, float*, float const *, int)",80,"surface_atomic_requests","Total number of surface atomic requests from Multiprocessor",0,0,0
"Tesla P100-SXM2-16GB (2)","void bottom_scan<float, float4, int=256>(float const *, float*, float const *, int)",80,"surface_reduction_requests","Total number of surface reduction requests from Multiprocessor",0,0,0
"Tesla P100-SXM2-16GB (2)","void bottom_scan<float, float4, int=256>(float const *, float*, float const *, int)",80,"sysmem_read_bytes","System Memory Read Bytes",0,0,0
"Tesla P100-SXM2-16GB (2)","void bottom_scan<float, float4, int=256>(float const *, float*, float const *, int)",80,"sysmem_write_bytes","System Memory Write Bytes",160,160,160
"Tesla P100-SXM2-16GB (2)","void bottom_scan<float, float4, int=256>(float const *, float*, float const *, int)",80,"l2_tex_hit_rate","L2 Cache Hit Rate",0.022983%,0.030326%,0.026161%
"Tesla P100-SXM2-16GB (2)","void bottom_scan<float, float4, int=256>(float const *, float*, float const *, int)",80,"texture_load_requests","Total number of texture Load requests from Multiprocessor",0,0,0
"Tesla P100-SXM2-16GB (2)","void bottom_scan<float, float4, int=256>(float const *, float*, float const *, int)",80,"unique_warps_launched","Number of warps launched",512,512,512
