==5906== NVPROF is profiling process 5906, command: ./Reduction -s 1
==5906== Some kernel(s) will be replayed on device 2 in order to collect all events/metrics.
==5906== Profiling application: ./Reduction -s 1
==5906== Profiling result:
==5906== Metric result:
"Device","Kernel","Invocations","Metric Name","Metric Description","Min","Max","Avg"
"Tesla P100-SXM2-16GB (2)","void reduce<float, int=256>(float const *, float*, unsigned int)",586,"inst_per_warp","Instructions per warp",181.125000,181.125000,181.125000
"Tesla P100-SXM2-16GB (2)","void reduce<float, int=256>(float const *, float*, unsigned int)",586,"branch_efficiency","Branch Efficiency",100.000000%,100.000000%,100.000000%
"Tesla P100-SXM2-16GB (2)","void reduce<float, int=256>(float const *, float*, unsigned int)",586,"warp_execution_efficiency","Warp Execution Efficiency",99.465148%,99.465148%,99.465148%
"Tesla P100-SXM2-16GB (2)","void reduce<float, int=256>(float const *, float*, unsigned int)",586,"warp_nonpred_execution_efficiency","Warp Non-Predicated Execution Efficiency",95.527088%,95.527088%,95.527088%
"Tesla P100-SXM2-16GB (2)","void reduce<float, int=256>(float const *, float*, unsigned int)",586,"inst_replay_overhead","Instruction Replay Overhead",0.020337,0.024726,0.020888
"Tesla P100-SXM2-16GB (2)","void reduce<float, int=256>(float const *, float*, unsigned int)",586,"shared_load_transactions_per_request","Shared Memory Load Transactions Per Request",0.816514,0.816514,0.816514
"Tesla P100-SXM2-16GB (2)","void reduce<float, int=256>(float const *, float*, unsigned int)",586,"shared_store_transactions_per_request","Shared Memory Store Transactions Per Request",0.893617,0.893617,0.893617
"Tesla P100-SXM2-16GB (2)","void reduce<float, int=256>(float const *, float*, unsigned int)",586,"local_load_transactions_per_request","Local Memory Load Transactions Per Request",0.000000,0.000000,0.000000
"Tesla P100-SXM2-16GB (2)","void reduce<float, int=256>(float const *, float*, unsigned int)",586,"local_store_transactions_per_request","Local Memory Store Transactions Per Request",0.000000,0.000000,0.000000
"Tesla P100-SXM2-16GB (2)","void reduce<float, int=256>(float const *, float*, unsigned int)",586,"gld_transactions_per_request","Global Load Transactions Per Request",16.000244,16.000244,16.000244
"Tesla P100-SXM2-16GB (2)","void reduce<float, int=256>(float const *, float*, unsigned int)",586,"gst_transactions_per_request","Global Store Transactions Per Request",1.000000,1.000000,1.000000
"Tesla P100-SXM2-16GB (2)","void reduce<float, int=256>(float const *, float*, unsigned int)",586,"shared_store_transactions","Shared Store Transactions",5376,5376,5376
"Tesla P100-SXM2-16GB (2)","void reduce<float, int=256>(float const *, float*, unsigned int)",586,"shared_load_transactions","Shared Load Transactions",5696,5696,5696
"Tesla P100-SXM2-16GB (2)","void reduce<float, int=256>(float const *, float*, unsigned int)",586,"local_load_transactions","Local Load Transactions",0,0,0
"Tesla P100-SXM2-16GB (2)","void reduce<float, int=256>(float const *, float*, unsigned int)",586,"local_store_transactions","Local Store Transactions",0,0,0
"Tesla P100-SXM2-16GB (2)","void reduce<float, int=256>(float const *, float*, unsigned int)",586,"gld_transactions","Global Load Transactions",131074,131074,131074
"Tesla P100-SXM2-16GB (2)","void reduce<float, int=256>(float const *, float*, unsigned int)",586,"gst_transactions","Global Store Transactions",64,64,64
"Tesla P100-SXM2-16GB (2)","void reduce<float, int=256>(float const *, float*, unsigned int)",586,"sysmem_read_transactions","System Memory Read Transactions",0,0,0
"Tesla P100-SXM2-16GB (2)","void reduce<float, int=256>(float const *, float*, unsigned int)",586,"sysmem_write_transactions","System Memory Write Transactions",5,5,5
"Tesla P100-SXM2-16GB (2)","void reduce<float, int=256>(float const *, float*, unsigned int)",586,"l2_read_transactions","L2 Read Transactions",33152,33208,33152
"Tesla P100-SXM2-16GB (2)","void reduce<float, int=256>(float const *, float*, unsigned int)",586,"l2_write_transactions","L2 Write Transactions",77,77,77
"Tesla P100-SXM2-16GB (2)","void reduce<float, int=256>(float const *, float*, unsigned int)",586,"dram_read_transactions","Device Memory Read Transactions",0,8,0
"Tesla P100-SXM2-16GB (2)","void reduce<float, int=256>(float const *, float*, unsigned int)",586,"dram_write_transactions","Device Memory Write Transactions",16,44,30
"Tesla P100-SXM2-16GB (2)","void reduce<float, int=256>(float const *, float*, unsigned int)",586,"global_hit_rate","Global Hit Rate in unified l1/tex",0.000000%,0.000000%,0.000000%
"Tesla P100-SXM2-16GB (2)","void reduce<float, int=256>(float const *, float*, unsigned int)",586,"local_hit_rate","Local Hit Rate",0.000000%,0.000000%,0.000000%
"Tesla P100-SXM2-16GB (2)","void reduce<float, int=256>(float const *, float*, unsigned int)",586,"gld_requested_throughput","Requested Global Load Throughput",180.144346GB/s,183.840832GB/s,182.234587GB/s
"Tesla P100-SXM2-16GB (2)","void reduce<float, int=256>(float const *, float*, unsigned int)",586,"gst_requested_throughput","Requested Global Store Throughput",45.036086MB/s,45.960208MB/s,45.558469MB/s
"Tesla P100-SXM2-16GB (2)","void reduce<float, int=256>(float const *, float*, unsigned int)",586,"gld_throughput","Global Load Throughput",180.144346GB/s,183.840832GB/s,182.234587GB/s
"Tesla P100-SXM2-16GB (2)","void reduce<float, int=256>(float const *, float*, unsigned int)",586,"gst_throughput","Global Store Throughput",360.288692MB/s,367.681664MB/s,364.468996MB/s
"Tesla P100-SXM2-16GB (2)","void reduce<float, int=256>(float const *, float*, unsigned int)",586,"local_memory_overhead","Local Memory Overhead",0.000000%,0.000000%,0.000000%
"Tesla P100-SXM2-16GB (2)","void reduce<float, int=256>(float const *, float*, unsigned int)",586,"tex_cache_hit_rate","Unified Cache Hit Rate",49.951220%,49.951220%,49.951220%
"Tesla P100-SXM2-16GB (2)","void reduce<float, int=256>(float const *, float*, unsigned int)",586,"l2_tex_read_hit_rate","L2 Hit Rate (Texture Reads)",100.000000%,100.000000%,100.000000%
"Tesla P100-SXM2-16GB (2)","void reduce<float, int=256>(float const *, float*, unsigned int)",586,"l2_tex_write_hit_rate","L2 Hit Rate (Texture Writes)",100.000000%,100.000000%,100.000000%
"Tesla P100-SXM2-16GB (2)","void reduce<float, int=256>(float const *, float*, unsigned int)",586,"dram_read_throughput","Device Memory Read Throughput",0.000000B/s,45.710658MB/s,79.610352KB/s
"Tesla P100-SXM2-16GB (2)","void reduce<float, int=256>(float const *, float*, unsigned int)",586,"dram_write_throughput","Device Memory Write Throughput",91.250466MB/s,251.880217MB/s,172.166414MB/s
"Tesla P100-SXM2-16GB (2)","void reduce<float, int=256>(float const *, float*, unsigned int)",586,"tex_cache_throughput","Unified Cache Throughput",180.144346GB/s,183.840832GB/s,182.234587GB/s
"Tesla P100-SXM2-16GB (2)","void reduce<float, int=256>(float const *, float*, unsigned int)",586,"l2_tex_read_throughput","L2 Throughput (Texture Reads)",180.144346GB/s,183.840832GB/s,182.234587GB/s
"Tesla P100-SXM2-16GB (2)","void reduce<float, int=256>(float const *, float*, unsigned int)",586,"l2_tex_write_throughput","L2 Throughput (Texture Writes)",360.288692MB/s,367.681664MB/s,364.468996MB/s
"Tesla P100-SXM2-16GB (2)","void reduce<float, int=256>(float const *, float*, unsigned int)",586,"l2_read_throughput","L2 Throughput (Reads)",182.255413GB/s,185.995217GB/s,184.370680GB/s
"Tesla P100-SXM2-16GB (2)","void reduce<float, int=256>(float const *, float*, unsigned int)",586,"l2_write_throughput","L2 Throughput (Writes)",433.472332MB/s,442.367002MB/s,438.501797MB/s
"Tesla P100-SXM2-16GB (2)","void reduce<float, int=256>(float const *, float*, unsigned int)",586,"sysmem_read_throughput","System Memory Read Throughput",0.000000B/s,0.000000B/s,0.000000B/s
"Tesla P100-SXM2-16GB (2)","void reduce<float, int=256>(float const *, float*, unsigned int)",586,"sysmem_write_throughput","System Memory Write Throughput",28.147553MB/s,28.725129MB/s,28.473976MB/s
"Tesla P100-SXM2-16GB (2)","void reduce<float, int=256>(float const *, float*, unsigned int)",586,"local_load_throughput","Local Memory Load Throughput",0.000000B/s,0.000000B/s,0.000000B/s
"Tesla P100-SXM2-16GB (2)","void reduce<float, int=256>(float const *, float*, unsigned int)",586,"local_store_throughput","Local Memory Store Throughput",0.000000B/s,0.000000B/s,0.000000B/s
"Tesla P100-SXM2-16GB (2)","void reduce<float, int=256>(float const *, float*, unsigned int)",586,"shared_load_throughput","Shared Memory Load Throughput",125.256616GB/s,127.826829GB/s,126.709986GB/s
"Tesla P100-SXM2-16GB (2)","void reduce<float, int=256>(float const *, float*, unsigned int)",586,"shared_store_throughput","Shared Memory Store Throughput",118.219727GB/s,120.645546GB/s,119.591448GB/s
"Tesla P100-SXM2-16GB (2)","void reduce<float, int=256>(float const *, float*, unsigned int)",586,"gld_efficiency","Global Memory Load Efficiency",100.000000%,100.000000%,100.000000%
"Tesla P100-SXM2-16GB (2)","void reduce<float, int=256>(float const *, float*, unsigned int)",586,"gst_efficiency","Global Memory Store Efficiency",12.500000%,12.500000%,12.500000%
"Tesla P100-SXM2-16GB (2)","void reduce<float, int=256>(float const *, float*, unsigned int)",586,"tex_cache_transactions","Unified Cache Transactions",32768,32768,32768
"Tesla P100-SXM2-16GB (2)","void reduce<float, int=256>(float const *, float*, unsigned int)",586,"flop_count_dp","Floating Point Operations(Double Precision)",0,0,0
"Tesla P100-SXM2-16GB (2)","void reduce<float, int=256>(float const *, float*, unsigned int)",586,"flop_count_dp_add","Floating Point Operations(Double Precision Add)",0,0,0
"Tesla P100-SXM2-16GB (2)","void reduce<float, int=256>(float const *, float*, unsigned int)",586,"flop_count_dp_fma","Floating Point Operations(Double Precision FMA)",0,0,0
"Tesla P100-SXM2-16GB (2)","void reduce<float, int=256>(float const *, float*, unsigned int)",586,"flop_count_dp_mul","Floating Point Operations(Double Precision Mul)",0,0,0
"Tesla P100-SXM2-16GB (2)","void reduce<float, int=256>(float const *, float*, unsigned int)",586,"flop_count_sp","Floating Point Operations(Single Precision)",286720,286720,286720
"Tesla P100-SXM2-16GB (2)","void reduce<float, int=256>(float const *, float*, unsigned int)",586,"flop_count_sp_add","Floating Point Operations(Single Precision Add)",286720,286720,286720
"Tesla P100-SXM2-16GB (2)","void reduce<float, int=256>(float const *, float*, unsigned int)",586,"flop_count_sp_fma","Floating Point Operations(Single Precision FMA)",0,0,0
"Tesla P100-SXM2-16GB (2)","void reduce<float, int=256>(float const *, float*, unsigned int)",586,"flop_count_sp_mul","Floating Point Operation(Single Precision Mul)",0,0,0
"Tesla P100-SXM2-16GB (2)","void reduce<float, int=256>(float const *, float*, unsigned int)",586,"flop_count_sp_special","Floating Point Operations(Single Precision Special)",0,0,0
"Tesla P100-SXM2-16GB (2)","void reduce<float, int=256>(float const *, float*, unsigned int)",586,"inst_executed","Instructions Executed",92736,92736,92736
"Tesla P100-SXM2-16GB (2)","void reduce<float, int=256>(float const *, float*, unsigned int)",586,"inst_issued","Instructions Issued",94629,95029,94668
"Tesla P100-SXM2-16GB (2)","void reduce<float, int=256>(float const *, float*, unsigned int)",586,"dram_utilization","Device Memory Utilization","Low (1)","Low (1)","Low (1)"
"Tesla P100-SXM2-16GB (2)","void reduce<float, int=256>(float const *, float*, unsigned int)",586,"sysmem_utilization","System Memory Utilization","Low (1)","Low (1)","Low (1)"
"Tesla P100-SXM2-16GB (2)","void reduce<float, int=256>(float const *, float*, unsigned int)",586,"stall_inst_fetch","Issue Stall Reasons (Instructions Fetch)",10.455587%,10.691633%,10.562156%
"Tesla P100-SXM2-16GB (2)","void reduce<float, int=256>(float const *, float*, unsigned int)",586,"stall_exec_dependency","Issue Stall Reasons (Execution Dependency)",14.705578%,14.835350%,14.778800%
"Tesla P100-SXM2-16GB (2)","void reduce<float, int=256>(float const *, float*, unsigned int)",586,"stall_memory_dependency","Issue Stall Reasons (Data Request)",49.563227%,50.185848%,50.031014%
"Tesla P100-SXM2-16GB (2)","void reduce<float, int=256>(float const *, float*, unsigned int)",586,"stall_texture","Issue Stall Reasons (Texture)",0.000000%,0.000000%,0.000000%
"Tesla P100-SXM2-16GB (2)","void reduce<float, int=256>(float const *, float*, unsigned int)",586,"stall_sync","Issue Stall Reasons (Synchronization)",7.872001%,8.307773%,8.032626%
"Tesla P100-SXM2-16GB (2)","void reduce<float, int=256>(float const *, float*, unsigned int)",586,"stall_other","Issue Stall Reasons (Other)",4.459643%,4.729336%,4.553778%
"Tesla P100-SXM2-16GB (2)","void reduce<float, int=256>(float const *, float*, unsigned int)",586,"stall_constant_memory_dependency","Issue Stall Reasons (Immediate constant)",10.688955%,11.430720%,10.789430%
"Tesla P100-SXM2-16GB (2)","void reduce<float, int=256>(float const *, float*, unsigned int)",586,"stall_pipe_busy","Issue Stall Reasons (Pipe Busy)",0.369258%,0.421084%,0.391356%
"Tesla P100-SXM2-16GB (2)","void reduce<float, int=256>(float const *, float*, unsigned int)",586,"shared_efficiency","Shared Memory Efficiency",99.440029%,99.440029%,99.440029%
"Tesla P100-SXM2-16GB (2)","void reduce<float, int=256>(float const *, float*, unsigned int)",586,"inst_fp_32","FP Instructions(Single)",286720,286720,286720
"Tesla P100-SXM2-16GB (2)","void reduce<float, int=256>(float const *, float*, unsigned int)",586,"inst_fp_64","FP Instructions(Double)",0,0,0
"Tesla P100-SXM2-16GB (2)","void reduce<float, int=256>(float const *, float*, unsigned int)",586,"inst_integer","Integer Instructions",1392832,1392832,1392832
"Tesla P100-SXM2-16GB (2)","void reduce<float, int=256>(float const *, float*, unsigned int)",586,"inst_bit_convert","Bit-Convert Instructions",0,0,0
"Tesla P100-SXM2-16GB (2)","void reduce<float, int=256>(float const *, float*, unsigned int)",586,"inst_control","Control-Flow Instructions",196608,196608,196608
"Tesla P100-SXM2-16GB (2)","void reduce<float, int=256>(float const *, float*, unsigned int)",586,"inst_compute_ld_st","Load/Store Instructions",663680,663680,663680
"Tesla P100-SXM2-16GB (2)","void reduce<float, int=256>(float const *, float*, unsigned int)",586,"inst_misc","Misc Instructions",295040,295040,295040
"Tesla P100-SXM2-16GB (2)","void reduce<float, int=256>(float const *, float*, unsigned int)",586,"inst_inter_thread_communication","Inter-Thread Instructions",0,0,0
"Tesla P100-SXM2-16GB (2)","void reduce<float, int=256>(float const *, float*, unsigned int)",586,"issue_slots","Issue Slots",83813,84213,83852
"Tesla P100-SXM2-16GB (2)","void reduce<float, int=256>(float const *, float*, unsigned int)",586,"cf_issued","Issued Control-Flow Instructions",7296,7296,7296
"Tesla P100-SXM2-16GB (2)","void reduce<float, int=256>(float const *, float*, unsigned int)",586,"cf_executed","Executed Control-Flow Instructions",7296,7296,7296
"Tesla P100-SXM2-16GB (2)","void reduce<float, int=256>(float const *, float*, unsigned int)",586,"ldst_issued","Issued Load/Store Instructions",49920,49920,49920
"Tesla P100-SXM2-16GB (2)","void reduce<float, int=256>(float const *, float*, unsigned int)",586,"ldst_executed","Executed Load/Store Instructions",26880,26880,26880
"Tesla P100-SXM2-16GB (2)","void reduce<float, int=256>(float const *, float*, unsigned int)",586,"atomic_transactions","Atomic Transactions",0,0,0
"Tesla P100-SXM2-16GB (2)","void reduce<float, int=256>(float const *, float*, unsigned int)",586,"atomic_transactions_per_request","Atomic Transactions Per Request",0.000000,0.000000,0.000000
"Tesla P100-SXM2-16GB (2)","void reduce<float, int=256>(float const *, float*, unsigned int)",586,"l2_atomic_throughput","L2 Throughput (Atomic requests)",0.000000B/s,0.000000B/s,0.000000B/s
"Tesla P100-SXM2-16GB (2)","void reduce<float, int=256>(float const *, float*, unsigned int)",586,"l2_atomic_transactions","L2 Transactions (Atomic requests)",0,0,0
"Tesla P100-SXM2-16GB (2)","void reduce<float, int=256>(float const *, float*, unsigned int)",586,"l2_tex_read_transactions","L2 Transactions (Texture Reads)",32768,32768,32768
"Tesla P100-SXM2-16GB (2)","void reduce<float, int=256>(float const *, float*, unsigned int)",586,"stall_memory_throttle","Issue Stall Reasons (Memory Throttle)",0.003737%,0.005763%,0.004623%
"Tesla P100-SXM2-16GB (2)","void reduce<float, int=256>(float const *, float*, unsigned int)",586,"stall_not_selected","Issue Stall Reasons (Not Selected)",0.827061%,0.913454%,0.856218%
"Tesla P100-SXM2-16GB (2)","void reduce<float, int=256>(float const *, float*, unsigned int)",586,"l2_tex_write_transactions","L2 Transactions (Texture Writes)",64,64,64
"Tesla P100-SXM2-16GB (2)","void reduce<float, int=256>(float const *, float*, unsigned int)",586,"nvlink_total_data_transmitted","NVLink Total Data Transmitted",576,4864,799
"Tesla P100-SXM2-16GB (2)","void reduce<float, int=256>(float const *, float*, unsigned int)",586,"nvlink_total_data_received","NVLink Total Data Received",384,6816,717
"Tesla P100-SXM2-16GB (2)","void reduce<float, int=256>(float const *, float*, unsigned int)",586,"nvlink_user_data_transmitted","NVLink User Data Transmitted",0,0,0
"Tesla P100-SXM2-16GB (2)","void reduce<float, int=256>(float const *, float*, unsigned int)",586,"nvlink_user_data_received","NVLink User Data Received",0,0,0
"Tesla P100-SXM2-16GB (2)","void reduce<float, int=256>(float const *, float*, unsigned int)",586,"nvlink_overhead_data_transmitted","NVLink Overhead Data Transmitted",100.000000%,100.000000%,100.000000%
"Tesla P100-SXM2-16GB (2)","void reduce<float, int=256>(float const *, float*, unsigned int)",586,"nvlink_overhead_data_received","NVLink Overhead Data Received",100.000000%,100.000000%,100.000000%
"Tesla P100-SXM2-16GB (2)","void reduce<float, int=256>(float const *, float*, unsigned int)",586,"nvlink_total_nratom_data_transmitted","NVLink Total Nratom Data Transmitted",0,0,0
"Tesla P100-SXM2-16GB (2)","void reduce<float, int=256>(float const *, float*, unsigned int)",586,"nvlink_user_nratom_data_transmitted","NVLink User Nratom Data Transmitted",0,0,0
"Tesla P100-SXM2-16GB (2)","void reduce<float, int=256>(float const *, float*, unsigned int)",586,"nvlink_total_ratom_data_transmitted","NVLink Total Ratom Data Transmitted",0,0,0
"Tesla P100-SXM2-16GB (2)","void reduce<float, int=256>(float const *, float*, unsigned int)",586,"nvlink_user_ratom_data_transmitted","NVLink User Ratom Data Transmitted",0,0,0
"Tesla P100-SXM2-16GB (2)","void reduce<float, int=256>(float const *, float*, unsigned int)",586,"nvlink_total_write_data_transmitted","NVLink Total Write Data Transmitted",0,0,0
"Tesla P100-SXM2-16GB (2)","void reduce<float, int=256>(float const *, float*, unsigned int)",586,"nvlink_user_write_data_transmitted","NVLink User Write Data Transmitted",0,0,0
"Tesla P100-SXM2-16GB (2)","void reduce<float, int=256>(float const *, float*, unsigned int)",586,"nvlink_transmit_throughput","NVLink Transmit Throughput",101.349890MB/s,867.041471MB/s,142.210243MB/s
"Tesla P100-SXM2-16GB (2)","void reduce<float, int=256>(float const *, float*, unsigned int)",586,"nvlink_receive_throughput","NVLink Receive Throughput",67.566593MB/s,1.186522GB/s,127.701059MB/s
"Tesla P100-SXM2-16GB (2)","void reduce<float, int=256>(float const *, float*, unsigned int)",586,"nvlink_total_response_data_received","NVLink Total Response Data Received",0,0,0
"Tesla P100-SXM2-16GB (2)","void reduce<float, int=256>(float const *, float*, unsigned int)",586,"nvlink_user_response_data_received","NVLink User Response Data Received",0,0,0
"Tesla P100-SXM2-16GB (2)","void reduce<float, int=256>(float const *, float*, unsigned int)",586,"flop_count_hp","Floating Point Operations(Half Precision)",0,0,0
"Tesla P100-SXM2-16GB (2)","void reduce<float, int=256>(float const *, float*, unsigned int)",586,"flop_count_hp_add","Floating Point Operations(Half Precision Add)",0,0,0
"Tesla P100-SXM2-16GB (2)","void reduce<float, int=256>(float const *, float*, unsigned int)",586,"flop_count_hp_mul","Floating Point Operation(Half Precision Mul)",0,0,0
"Tesla P100-SXM2-16GB (2)","void reduce<float, int=256>(float const *, float*, unsigned int)",586,"flop_count_hp_fma","Floating Point Operations(Half Precision FMA)",0,0,0
"Tesla P100-SXM2-16GB (2)","void reduce<float, int=256>(float const *, float*, unsigned int)",586,"inst_fp_16","HP Instructions(Half)",0,0,0
"Tesla P100-SXM2-16GB (2)","void reduce<float, int=256>(float const *, float*, unsigned int)",586,"ipc","Executed IPC",0.358078,0.427359,0.411450
"Tesla P100-SXM2-16GB (2)","void reduce<float, int=256>(float const *, float*, unsigned int)",586,"issued_ipc","Issued IPC",0.365480,0.436271,0.427093
"Tesla P100-SXM2-16GB (2)","void reduce<float, int=256>(float const *, float*, unsigned int)",586,"issue_slot_utilization","Issue Slot Utilization",16.185811%,19.321188%,18.914686%
"Tesla P100-SXM2-16GB (2)","void reduce<float, int=256>(float const *, float*, unsigned int)",586,"sm_efficiency","Multiprocessor Activity",20.754023%,44.181958%,42.101377%
"Tesla P100-SXM2-16GB (2)","void reduce<float, int=256>(float const *, float*, unsigned int)",586,"achieved_occupancy","Achieved Occupancy",0.132520,0.134474,0.133233
"Tesla P100-SXM2-16GB (2)","void reduce<float, int=256>(float const *, float*, unsigned int)",586,"eligible_warps_per_cycle","Eligible Warps Per Active Cycle",0.456028,0.463124,0.459235
"Tesla P100-SXM2-16GB (2)","void reduce<float, int=256>(float const *, float*, unsigned int)",586,"shared_utilization","Shared Memory Utilization","Low (1)","Low (1)","Low (1)"
"Tesla P100-SXM2-16GB (2)","void reduce<float, int=256>(float const *, float*, unsigned int)",586,"l2_utilization","L2 Cache Utilization","Low (1)","Low (1)","Low (1)"
"Tesla P100-SXM2-16GB (2)","void reduce<float, int=256>(float const *, float*, unsigned int)",586,"tex_utilization","Unified Cache Utilization","Low (1)","Low (1)","Low (1)"
"Tesla P100-SXM2-16GB (2)","void reduce<float, int=256>(float const *, float*, unsigned int)",586,"ldst_fu_utilization","Load/Store Function Unit Utilization","Low (1)","Low (1)","Low (1)"
"Tesla P100-SXM2-16GB (2)","void reduce<float, int=256>(float const *, float*, unsigned int)",586,"cf_fu_utilization","Control-Flow Function Unit Utilization","Low (1)","Low (1)","Low (1)"
"Tesla P100-SXM2-16GB (2)","void reduce<float, int=256>(float const *, float*, unsigned int)",586,"tex_fu_utilization","Texture Function Unit Utilization","Low (2)","Low (2)","Low (2)"
"Tesla P100-SXM2-16GB (2)","void reduce<float, int=256>(float const *, float*, unsigned int)",586,"special_fu_utilization","Special Function Unit Utilization","Idle (0)","Idle (0)","Idle (0)"
"Tesla P100-SXM2-16GB (2)","void reduce<float, int=256>(float const *, float*, unsigned int)",586,"half_precision_fu_utilization","Half-Precision Function Unit Utilization","Idle (0)","Idle (0)","Idle (0)"
"Tesla P100-SXM2-16GB (2)","void reduce<float, int=256>(float const *, float*, unsigned int)",586,"single_precision_fu_utilization","Single-Precision Function Unit Utilization","Low (1)","Low (1)","Low (1)"
"Tesla P100-SXM2-16GB (2)","void reduce<float, int=256>(float const *, float*, unsigned int)",586,"double_precision_fu_utilization","Double-Precision Function Unit Utilization","Idle (0)","Idle (0)","Idle (0)"
"Tesla P100-SXM2-16GB (2)","void reduce<float, int=256>(float const *, float*, unsigned int)",586,"flop_hp_efficiency","FLOP Efficiency(Peak Half)",0.000000%,0.000000%,0.000000%
"Tesla P100-SXM2-16GB (2)","void reduce<float, int=256>(float const *, float*, unsigned int)",586,"flop_sp_efficiency","FLOP Efficiency(Peak Single)",0.202456%,0.432793%,0.418259%
"Tesla P100-SXM2-16GB (2)","void reduce<float, int=256>(float const *, float*, unsigned int)",586,"flop_dp_efficiency","FLOP Efficiency(Peak Double)",0.000000%,0.000000%,0.000000%
"Tesla P100-SXM2-16GB (2)","void reduce<float, int=256>(float const *, float*, unsigned int)",586,"sysmem_read_utilization","System Memory Read Utilization","Idle (0)","Idle (0)","Idle (0)"
"Tesla P100-SXM2-16GB (2)","void reduce<float, int=256>(float const *, float*, unsigned int)",586,"sysmem_write_utilization","System Memory Write Utilization","Low (1)","Low (1)","Low (1)"
"Tesla P100-SXM2-16GB (2)","void reduce<float, int=256>(float const *, float*, unsigned int)",586,"pcie_total_data_transmitted","PCIe Total Data Transmitted",0,512,190
"Tesla P100-SXM2-16GB (2)","void reduce<float, int=256>(float const *, float*, unsigned int)",586,"pcie_total_data_received","PCIe Total Data Received",0,512,82
"Tesla P100-SXM2-16GB (2)","void reduce<float, int=256>(float const *, float*, unsigned int)",586,"inst_executed_global_loads","Warp level instructions for global loads",8192,8192,8192
"Tesla P100-SXM2-16GB (2)","void reduce<float, int=256>(float const *, float*, unsigned int)",586,"inst_executed_local_loads","Warp level instructions for local loads",0,0,0
"Tesla P100-SXM2-16GB (2)","void reduce<float, int=256>(float const *, float*, unsigned int)",586,"inst_executed_shared_loads","Warp level instructions for shared loads",6976,6976,6976
"Tesla P100-SXM2-16GB (2)","void reduce<float, int=256>(float const *, float*, unsigned int)",586,"inst_executed_surface_loads","Warp level instructions for surface loads",0,0,0
"Tesla P100-SXM2-16GB (2)","void reduce<float, int=256>(float const *, float*, unsigned int)",586,"inst_executed_global_stores","Warp level instructions for global stores",64,64,64
"Tesla P100-SXM2-16GB (2)","void reduce<float, int=256>(float const *, float*, unsigned int)",586,"inst_executed_local_stores","Warp level instructions for local stores",0,0,0
"Tesla P100-SXM2-16GB (2)","void reduce<float, int=256>(float const *, float*, unsigned int)",586,"inst_executed_shared_stores","Warp level instructions for shared stores",6016,6016,6016
"Tesla P100-SXM2-16GB (2)","void reduce<float, int=256>(float const *, float*, unsigned int)",586,"inst_executed_surface_stores","Warp level instructions for surface stores",0,0,0
"Tesla P100-SXM2-16GB (2)","void reduce<float, int=256>(float const *, float*, unsigned int)",586,"inst_executed_global_atomics","Warp level instructions for global atom and atom cas",0,0,0
"Tesla P100-SXM2-16GB (2)","void reduce<float, int=256>(float const *, float*, unsigned int)",586,"inst_executed_global_reductions","Warp level instructions for global reductions",0,0,0
"Tesla P100-SXM2-16GB (2)","void reduce<float, int=256>(float const *, float*, unsigned int)",586,"inst_executed_surface_atomics","Warp level instructions for surface atom and atom cas",0,0,0
"Tesla P100-SXM2-16GB (2)","void reduce<float, int=256>(float const *, float*, unsigned int)",586,"inst_executed_surface_reductions","Warp level instructions for surface reductions",0,0,0
"Tesla P100-SXM2-16GB (2)","void reduce<float, int=256>(float const *, float*, unsigned int)",586,"inst_executed_shared_atomics","Warp level shared instructions for atom and atom CAS",0,0,0
"Tesla P100-SXM2-16GB (2)","void reduce<float, int=256>(float const *, float*, unsigned int)",586,"inst_executed_tex_ops","Warp level instructions for texture",0,0,0
"Tesla P100-SXM2-16GB (2)","void reduce<float, int=256>(float const *, float*, unsigned int)",586,"l2_global_load_bytes","Bytes read from L2 for misses in Unified Cache for global loads",1048576,1048576,1048576
"Tesla P100-SXM2-16GB (2)","void reduce<float, int=256>(float const *, float*, unsigned int)",586,"l2_local_load_bytes","Bytes read from L2 for misses in Unified Cache for local loads",0,0,0
"Tesla P100-SXM2-16GB (2)","void reduce<float, int=256>(float const *, float*, unsigned int)",586,"l2_surface_load_bytes","Bytes read from L2 for misses in Unified Cache for surface loads",0,0,0
"Tesla P100-SXM2-16GB (2)","void reduce<float, int=256>(float const *, float*, unsigned int)",586,"dram_read_bytes","Total bytes read from DRAM to L2 cache",0,256,0
"Tesla P100-SXM2-16GB (2)","void reduce<float, int=256>(float const *, float*, unsigned int)",586,"dram_write_bytes","Total bytes written from L2 cache to DRAM",512,1408,967
"Tesla P100-SXM2-16GB (2)","void reduce<float, int=256>(float const *, float*, unsigned int)",586,"l2_local_global_store_bytes","Bytes written to L2 from Unified Cache for local and global stores.",2048,2048,2048
"Tesla P100-SXM2-16GB (2)","void reduce<float, int=256>(float const *, float*, unsigned int)",586,"l2_global_reduction_bytes","Bytes written to L2 from Unified cache for global reductions",0,0,0
"Tesla P100-SXM2-16GB (2)","void reduce<float, int=256>(float const *, float*, unsigned int)",586,"l2_global_atomic_store_bytes","Bytes written to L2 from Unified cache for global atomics",0,0,0
"Tesla P100-SXM2-16GB (2)","void reduce<float, int=256>(float const *, float*, unsigned int)",586,"l2_surface_store_bytes","Bytes written to L2 from Unified Cache for surface stores.",0,0,0
"Tesla P100-SXM2-16GB (2)","void reduce<float, int=256>(float const *, float*, unsigned int)",586,"l2_surface_reduction_bytes","Bytes written to L2 from Unified Cache for surface reductions",0,0,0
"Tesla P100-SXM2-16GB (2)","void reduce<float, int=256>(float const *, float*, unsigned int)",586,"l2_surface_atomic_store_bytes","Bytes transferred between Unified Cache and L2 for surface atomics",0,0,0
"Tesla P100-SXM2-16GB (2)","void reduce<float, int=256>(float const *, float*, unsigned int)",586,"global_load_requests","Total number of global load requests from Multiprocessor",32768,32768,32768
"Tesla P100-SXM2-16GB (2)","void reduce<float, int=256>(float const *, float*, unsigned int)",586,"local_load_requests","Total number of local load requests from Multiprocessor",0,0,0
"Tesla P100-SXM2-16GB (2)","void reduce<float, int=256>(float const *, float*, unsigned int)",586,"surface_load_requests","Total number of surface load requests from Multiprocessor",0,0,0
"Tesla P100-SXM2-16GB (2)","void reduce<float, int=256>(float const *, float*, unsigned int)",586,"global_store_requests","Total number of global store requests from Multiprocessor",64,64,64
"Tesla P100-SXM2-16GB (2)","void reduce<float, int=256>(float const *, float*, unsigned int)",586,"local_store_requests","Total number of local store requests from Multiprocessor",0,0,0
"Tesla P100-SXM2-16GB (2)","void reduce<float, int=256>(float const *, float*, unsigned int)",586,"surface_store_requests","Total number of surface store requests from Multiprocessor",0,0,0
"Tesla P100-SXM2-16GB (2)","void reduce<float, int=256>(float const *, float*, unsigned int)",586,"global_atomic_requests","Total number of global atomic requests from Multiprocessor",0,0,0
"Tesla P100-SXM2-16GB (2)","void reduce<float, int=256>(float const *, float*, unsigned int)",586,"global_reduction_requests","Total number of global reduction requests from Multiprocessor",0,0,0
"Tesla P100-SXM2-16GB (2)","void reduce<float, int=256>(float const *, float*, unsigned int)",586,"surface_atomic_requests","Total number of surface atomic requests from Multiprocessor",0,0,0
"Tesla P100-SXM2-16GB (2)","void reduce<float, int=256>(float const *, float*, unsigned int)",586,"surface_reduction_requests","Total number of surface reduction requests from Multiprocessor",0,0,0
"Tesla P100-SXM2-16GB (2)","void reduce<float, int=256>(float const *, float*, unsigned int)",586,"sysmem_read_bytes","System Memory Read Bytes",0,0,0
"Tesla P100-SXM2-16GB (2)","void reduce<float, int=256>(float const *, float*, unsigned int)",586,"sysmem_write_bytes","System Memory Write Bytes",160,160,160
"Tesla P100-SXM2-16GB (2)","void reduce<float, int=256>(float const *, float*, unsigned int)",586,"l2_tex_hit_rate","L2 Cache Hit Rate",100.000000%,100.000000%,100.000000%
"Tesla P100-SXM2-16GB (2)","void reduce<float, int=256>(float const *, float*, unsigned int)",586,"texture_load_requests","Total number of texture Load requests from Multiprocessor",0,0,0
"Tesla P100-SXM2-16GB (2)","void reduce<float, int=256>(float const *, float*, unsigned int)",586,"unique_warps_launched","Number of warps launched",512,512,512
