==15508== NVPROF is profiling process 15508, command: ./Reduction -s 4
==15508== Some kernel(s) will be replayed on device 2 in order to collect all events/metrics.
==15508== Profiling application: ./Reduction -s 4
==15508== Profiling result:
==15508== Metric result:
"Device","Kernel","Invocations","Metric Name","Metric Description","Min","Max","Avg"
"Tesla P100-SXM2-16GB (2)","void reduce<float, int=256>(float const *, float*, unsigned int)",569,"inst_per_warp","Instructions per warp",8245.125000,8245.125000,8245.125000
"Tesla P100-SXM2-16GB (2)","void reduce<float, int=256>(float const *, float*, unsigned int)",569,"branch_efficiency","Branch Efficiency",100.000000%,100.000000%,100.000000%
"Tesla P100-SXM2-16GB (2)","void reduce<float, int=256>(float const *, float*, unsigned int)",569,"warp_execution_efficiency","Warp Execution Efficiency",99.988251%,99.988251%,99.988251%
"Tesla P100-SXM2-16GB (2)","void reduce<float, int=256>(float const *, float*, unsigned int)",569,"warp_nonpred_execution_efficiency","Warp Non-Predicated Execution Efficiency",99.901741%,99.901812%,99.901788%
"Tesla P100-SXM2-16GB (2)","void reduce<float, int=256>(float const *, float*, unsigned int)",569,"inst_replay_overhead","Instruction Replay Overhead",0.000450,0.000524,0.000478
"Tesla P100-SXM2-16GB (2)","void reduce<float, int=256>(float const *, float*, unsigned int)",569,"shared_load_transactions_per_request","Shared Memory Load Transactions Per Request",0.995170,0.995170,0.995170
"Tesla P100-SXM2-16GB (2)","void reduce<float, int=256>(float const *, float*, unsigned int)",569,"shared_store_transactions_per_request","Shared Memory Store Transactions Per Request",0.997576,0.997576,0.997576
"Tesla P100-SXM2-16GB (2)","void reduce<float, int=256>(float const *, float*, unsigned int)",569,"local_load_transactions_per_request","Local Memory Load Transactions Per Request",0.000000,0.000000,0.000000
"Tesla P100-SXM2-16GB (2)","void reduce<float, int=256>(float const *, float*, unsigned int)",569,"local_store_transactions_per_request","Local Memory Store Transactions Per Request",0.000000,0.000000,0.000000
"Tesla P100-SXM2-16GB (2)","void reduce<float, int=256>(float const *, float*, unsigned int)",569,"gld_transactions_per_request","Global Load Transactions Per Request",16.000004,16.000004,16.000004
"Tesla P100-SXM2-16GB (2)","void reduce<float, int=256>(float const *, float*, unsigned int)",569,"gst_transactions_per_request","Global Store Transactions Per Request",1.000000,1.000000,1.000000
"Tesla P100-SXM2-16GB (2)","void reduce<float, int=256>(float const *, float*, unsigned int)",569,"shared_store_transactions","Shared Store Transactions",263424,263424,263424
"Tesla P100-SXM2-16GB (2)","void reduce<float, int=256>(float const *, float*, unsigned int)",569,"shared_load_transactions","Shared Load Transactions",263744,263744,263744
"Tesla P100-SXM2-16GB (2)","void reduce<float, int=256>(float const *, float*, unsigned int)",569,"local_load_transactions","Local Load Transactions",0,0,0
"Tesla P100-SXM2-16GB (2)","void reduce<float, int=256>(float const *, float*, unsigned int)",569,"local_store_transactions","Local Store Transactions",0,0,0
"Tesla P100-SXM2-16GB (2)","void reduce<float, int=256>(float const *, float*, unsigned int)",569,"gld_transactions","Global Load Transactions",8388610,8388610,8388610
"Tesla P100-SXM2-16GB (2)","void reduce<float, int=256>(float const *, float*, unsigned int)",569,"gst_transactions","Global Store Transactions",64,64,64
"Tesla P100-SXM2-16GB (2)","void reduce<float, int=256>(float const *, float*, unsigned int)",569,"sysmem_read_transactions","System Memory Read Transactions",0,0,0
"Tesla P100-SXM2-16GB (2)","void reduce<float, int=256>(float const *, float*, unsigned int)",569,"sysmem_write_transactions","System Memory Write Transactions",5,5,5
"Tesla P100-SXM2-16GB (2)","void reduce<float, int=256>(float const *, float*, unsigned int)",569,"l2_read_transactions","L2 Read Transactions",2097248,2097736,2097255
"Tesla P100-SXM2-16GB (2)","void reduce<float, int=256>(float const *, float*, unsigned int)",569,"l2_write_transactions","L2 Write Transactions",84,86,84
"Tesla P100-SXM2-16GB (2)","void reduce<float, int=256>(float const *, float*, unsigned int)",569,"dram_read_transactions","Device Memory Read Transactions",2097164,2097412,2097173
"Tesla P100-SXM2-16GB (2)","void reduce<float, int=256>(float const *, float*, unsigned int)",569,"dram_write_transactions","Device Memory Write Transactions",60669,65311,64272
"Tesla P100-SXM2-16GB (2)","void reduce<float, int=256>(float const *, float*, unsigned int)",569,"global_hit_rate","Global Hit Rate in unified l1/tex",0.000000%,0.000000%,0.000000%
"Tesla P100-SXM2-16GB (2)","void reduce<float, int=256>(float const *, float*, unsigned int)",569,"local_hit_rate","Local Hit Rate",0.000000%,0.000000%,0.000000%
"Tesla P100-SXM2-16GB (2)","void reduce<float, int=256>(float const *, float*, unsigned int)",569,"gld_requested_throughput","Requested Global Load Throughput",238.263157GB/s,239.538859GB/s,239.023162GB/s
"Tesla P100-SXM2-16GB (2)","void reduce<float, int=256>(float const *, float*, unsigned int)",569,"gst_requested_throughput","Requested Global Store Throughput",953.051758KB/s,958.155273KB/s,956.088867KB/s
"Tesla P100-SXM2-16GB (2)","void reduce<float, int=256>(float const *, float*, unsigned int)",569,"gld_throughput","Global Load Throughput",238.263157GB/s,239.538859GB/s,239.023162GB/s
"Tesla P100-SXM2-16GB (2)","void reduce<float, int=256>(float const *, float*, unsigned int)",569,"gst_throughput","Global Store Throughput",7.445724MB/s,7.485589MB/s,7.469470MB/s
"Tesla P100-SXM2-16GB (2)","void reduce<float, int=256>(float const *, float*, unsigned int)",569,"local_memory_overhead","Local Memory Overhead",0.000000%,0.000000%,0.000000%
"Tesla P100-SXM2-16GB (2)","void reduce<float, int=256>(float const *, float*, unsigned int)",569,"tex_cache_hit_rate","Unified Cache Hit Rate",49.999237%,49.999237%,49.999237%
"Tesla P100-SXM2-16GB (2)","void reduce<float, int=256>(float const *, float*, unsigned int)",569,"l2_tex_read_hit_rate","L2 Hit Rate (Texture Reads)",0.000000%,0.000000%,0.000000%
"Tesla P100-SXM2-16GB (2)","void reduce<float, int=256>(float const *, float*, unsigned int)",569,"l2_tex_write_hit_rate","L2 Hit Rate (Texture Writes)",96.875000%,96.875000%,96.875000%
"Tesla P100-SXM2-16GB (2)","void reduce<float, int=256>(float const *, float*, unsigned int)",569,"dram_read_throughput","Device Memory Read Throughput",238.264520GB/s,239.541600GB/s,239.025575GB/s
"Tesla P100-SXM2-16GB (2)","void reduce<float, int=256>(float const *, float*, unsigned int)",569,"dram_write_throughput","Device Memory Write Throughput",6.907966GB/s,7.443129GB/s,7.325484GB/s
"Tesla P100-SXM2-16GB (2)","void reduce<float, int=256>(float const *, float*, unsigned int)",569,"tex_cache_throughput","Unified Cache Throughput",238.263157GB/s,239.538859GB/s,239.023162GB/s
"Tesla P100-SXM2-16GB (2)","void reduce<float, int=256>(float const *, float*, unsigned int)",569,"l2_tex_read_throughput","L2 Throughput (Texture Reads)",238.263157GB/s,239.538859GB/s,239.023162GB/s
"Tesla P100-SXM2-16GB (2)","void reduce<float, int=256>(float const *, float*, unsigned int)",569,"l2_tex_write_throughput","L2 Throughput (Texture Writes)",7.445724MB/s,7.485589MB/s,7.469470MB/s
"Tesla P100-SXM2-16GB (2)","void reduce<float, int=256>(float const *, float*, unsigned int)",569,"l2_read_throughput","L2 Throughput (Reads)",238.274064GB/s,239.549824GB/s,239.034919GB/s
"Tesla P100-SXM2-16GB (2)","void reduce<float, int=256>(float const *, float*, unsigned int)",569,"l2_write_throughput","L2 Throughput (Writes)",9.772511MB/s,10.036335MB/s,9.810860MB/s
"Tesla P100-SXM2-16GB (2)","void reduce<float, int=256>(float const *, float*, unsigned int)",569,"sysmem_read_throughput","System Memory Read Throughput",0.000000B/s,0.000000B/s,0.000000B/s
"Tesla P100-SXM2-16GB (2)","void reduce<float, int=256>(float const *, float*, unsigned int)",569,"sysmem_write_throughput","System Memory Write Throughput",595.657227KB/s,598.846680KB/s,597.553711KB/s
"Tesla P100-SXM2-16GB (2)","void reduce<float, int=256>(float const *, float*, unsigned int)",569,"local_load_throughput","Local Memory Load Throughput",0.000000B/s,0.000000B/s,0.000000B/s
"Tesla P100-SXM2-16GB (2)","void reduce<float, int=256>(float const *, float*, unsigned int)",569,"local_store_throughput","Local Memory Store Throughput",0.000000B/s,0.000000B/s,0.000000B/s
"Tesla P100-SXM2-16GB (2)","void reduce<float, int=256>(float const *, float*, unsigned int)",569,"shared_load_throughput","Shared Memory Load Throughput",119.858700GB/s,120.500444GB/s,120.241022GB/s
"Tesla P100-SXM2-16GB (2)","void reduce<float, int=256>(float const *, float*, unsigned int)",569,"shared_store_throughput","Shared Memory Store Throughput",119.713276GB/s,120.354241GB/s,120.095134GB/s
"Tesla P100-SXM2-16GB (2)","void reduce<float, int=256>(float const *, float*, unsigned int)",569,"gld_efficiency","Global Memory Load Efficiency",100.000000%,100.000000%,100.000000%
"Tesla P100-SXM2-16GB (2)","void reduce<float, int=256>(float const *, float*, unsigned int)",569,"gst_efficiency","Global Memory Store Efficiency",12.500000%,12.500000%,12.500000%
"Tesla P100-SXM2-16GB (2)","void reduce<float, int=256>(float const *, float*, unsigned int)",569,"tex_cache_transactions","Unified Cache Transactions",2097152,2097152,2097152
"Tesla P100-SXM2-16GB (2)","void reduce<float, int=256>(float const *, float*, unsigned int)",569,"flop_count_dp","Floating Point Operations(Double Precision)",0,0,0
"Tesla P100-SXM2-16GB (2)","void reduce<float, int=256>(float const *, float*, unsigned int)",569,"flop_count_dp_add","Floating Point Operations(Double Precision Add)",0,0,0
"Tesla P100-SXM2-16GB (2)","void reduce<float, int=256>(float const *, float*, unsigned int)",569,"flop_count_dp_fma","Floating Point Operations(Double Precision FMA)",0,0,0
"Tesla P100-SXM2-16GB (2)","void reduce<float, int=256>(float const *, float*, unsigned int)",569,"flop_count_dp_mul","Floating Point Operations(Double Precision Mul)",0,0,0
"Tesla P100-SXM2-16GB (2)","void reduce<float, int=256>(float const *, float*, unsigned int)",569,"flop_count_sp","Floating Point Operations(Single Precision)",16801792,16801792,16801792
"Tesla P100-SXM2-16GB (2)","void reduce<float, int=256>(float const *, float*, unsigned int)",569,"flop_count_sp_add","Floating Point Operations(Single Precision Add)",16801792,16801792,16801792
"Tesla P100-SXM2-16GB (2)","void reduce<float, int=256>(float const *, float*, unsigned int)",569,"flop_count_sp_fma","Floating Point Operations(Single Precision FMA)",0,0,0
"Tesla P100-SXM2-16GB (2)","void reduce<float, int=256>(float const *, float*, unsigned int)",569,"flop_count_sp_mul","Floating Point Operation(Single Precision Mul)",0,0,0
"Tesla P100-SXM2-16GB (2)","void reduce<float, int=256>(float const *, float*, unsigned int)",569,"flop_count_sp_special","Floating Point Operations(Single Precision Special)",0,0,0
"Tesla P100-SXM2-16GB (2)","void reduce<float, int=256>(float const *, float*, unsigned int)",569,"inst_executed","Instructions Executed",4221504,4221504,4221504
"Tesla P100-SXM2-16GB (2)","void reduce<float, int=256>(float const *, float*, unsigned int)",569,"inst_issued","Instructions Issued",4223402,4224121,4223525
"Tesla P100-SXM2-16GB (2)","void reduce<float, int=256>(float const *, float*, unsigned int)",569,"dram_utilization","Device Memory Utilization","Mid (4)","Mid (4)","Mid (4)"
"Tesla P100-SXM2-16GB (2)","void reduce<float, int=256>(float const *, float*, unsigned int)",569,"sysmem_utilization","System Memory Utilization","Low (1)","Low (1)","Low (1)"
"Tesla P100-SXM2-16GB (2)","void reduce<float, int=256>(float const *, float*, unsigned int)",569,"stall_inst_fetch","Issue Stall Reasons (Instructions Fetch)",2.156559%,2.485129%,2.240928%
"Tesla P100-SXM2-16GB (2)","void reduce<float, int=256>(float const *, float*, unsigned int)",569,"stall_exec_dependency","Issue Stall Reasons (Execution Dependency)",5.737066%,5.866761%,5.824363%
"Tesla P100-SXM2-16GB (2)","void reduce<float, int=256>(float const *, float*, unsigned int)",569,"stall_memory_dependency","Issue Stall Reasons (Data Request)",90.175857%,90.542046%,90.385282%
"Tesla P100-SXM2-16GB (2)","void reduce<float, int=256>(float const *, float*, unsigned int)",569,"stall_texture","Issue Stall Reasons (Texture)",0.000000%,0.000000%,0.000000%
"Tesla P100-SXM2-16GB (2)","void reduce<float, int=256>(float const *, float*, unsigned int)",569,"stall_sync","Issue Stall Reasons (Synchronization)",0.202418%,0.266152%,0.230871%
"Tesla P100-SXM2-16GB (2)","void reduce<float, int=256>(float const *, float*, unsigned int)",569,"stall_other","Issue Stall Reasons (Other)",0.715975%,0.733147%,0.726163%
"Tesla P100-SXM2-16GB (2)","void reduce<float, int=256>(float const *, float*, unsigned int)",569,"stall_constant_memory_dependency","Issue Stall Reasons (Immediate constant)",0.186561%,0.305425%,0.205980%
"Tesla P100-SXM2-16GB (2)","void reduce<float, int=256>(float const *, float*, unsigned int)",569,"stall_pipe_busy","Issue Stall Reasons (Pipe Busy)",0.095367%,0.102077%,0.098693%
"Tesla P100-SXM2-16GB (2)","void reduce<float, int=256>(float const *, float*, unsigned int)",569,"shared_efficiency","Shared Memory Efficiency",99.988239%,99.988239%,99.988239%
"Tesla P100-SXM2-16GB (2)","void reduce<float, int=256>(float const *, float*, unsigned int)",569,"inst_fp_32","FP Instructions(Single)",16801792,16801792,16801792
"Tesla P100-SXM2-16GB (2)","void reduce<float, int=256>(float const *, float*, unsigned int)",569,"inst_fp_64","FP Instructions(Double)",0,0,0
"Tesla P100-SXM2-16GB (2)","void reduce<float, int=256>(float const *, float*, unsigned int)",569,"inst_integer","Integer Instructions",75710656,75710656,75710656
"Tesla P100-SXM2-16GB (2)","void reduce<float, int=256>(float const *, float*, unsigned int)",569,"inst_bit_convert","Bit-Convert Instructions",0,0,0
"Tesla P100-SXM2-16GB (2)","void reduce<float, int=256>(float const *, float*, unsigned int)",569,"inst_control","Control-Flow Instructions",8454144,8454144,8454144
"Tesla P100-SXM2-16GB (2)","void reduce<float, int=256>(float const *, float*, unsigned int)",569,"inst_compute_ld_st","Load/Store Instructions",33693824,33693824,33693824
"Tesla P100-SXM2-16GB (2)","void reduce<float, int=256>(float const *, float*, unsigned int)",569,"inst_misc","Misc Instructions",295040,295040,295040
"Tesla P100-SXM2-16GB (2)","void reduce<float, int=256>(float const *, float*, unsigned int)",569,"inst_inter_thread_communication","Inter-Thread Instructions",0,0,0
"Tesla P100-SXM2-16GB (2)","void reduce<float, int=256>(float const *, float*, unsigned int)",569,"issue_slots","Issue Slots",3696490,3697207,3696609
"Tesla P100-SXM2-16GB (2)","void reduce<float, int=256>(float const *, float*, unsigned int)",569,"cf_issued","Issued Control-Flow Instructions",265344,265344,265344
"Tesla P100-SXM2-16GB (2)","void reduce<float, int=256>(float const *, float*, unsigned int)",569,"cf_executed","Executed Control-Flow Instructions",265344,265344,265344
"Tesla P100-SXM2-16GB (2)","void reduce<float, int=256>(float const *, float*, unsigned int)",569,"ldst_issued","Issued Load/Store Instructions",2630400,2630400,2630400
"Tesla P100-SXM2-16GB (2)","void reduce<float, int=256>(float const *, float*, unsigned int)",569,"ldst_executed","Executed Load/Store Instructions",1059072,1059072,1059072
"Tesla P100-SXM2-16GB (2)","void reduce<float, int=256>(float const *, float*, unsigned int)",569,"atomic_transactions","Atomic Transactions",0,0,0
"Tesla P100-SXM2-16GB (2)","void reduce<float, int=256>(float const *, float*, unsigned int)",569,"atomic_transactions_per_request","Atomic Transactions Per Request",0.000000,0.000000,0.000000
"Tesla P100-SXM2-16GB (2)","void reduce<float, int=256>(float const *, float*, unsigned int)",569,"l2_atomic_throughput","L2 Throughput (Atomic requests)",0.000000B/s,0.000000B/s,0.000000B/s
"Tesla P100-SXM2-16GB (2)","void reduce<float, int=256>(float const *, float*, unsigned int)",569,"l2_atomic_transactions","L2 Transactions (Atomic requests)",0,0,0
"Tesla P100-SXM2-16GB (2)","void reduce<float, int=256>(float const *, float*, unsigned int)",569,"l2_tex_read_transactions","L2 Transactions (Texture Reads)",2097152,2097152,2097152
"Tesla P100-SXM2-16GB (2)","void reduce<float, int=256>(float const *, float*, unsigned int)",569,"stall_memory_throttle","Issue Stall Reasons (Memory Throttle)",0.000040%,0.000059%,0.000048%
"Tesla P100-SXM2-16GB (2)","void reduce<float, int=256>(float const *, float*, unsigned int)",569,"stall_not_selected","Issue Stall Reasons (Not Selected)",0.279568%,0.296526%,0.287672%
"Tesla P100-SXM2-16GB (2)","void reduce<float, int=256>(float const *, float*, unsigned int)",569,"l2_tex_write_transactions","L2 Transactions (Texture Writes)",64,64,64
"Tesla P100-SXM2-16GB (2)","void reduce<float, int=256>(float const *, float*, unsigned int)",569,"nvlink_total_data_transmitted","NVLink Total Data Transmitted",576,5632,857
"Tesla P100-SXM2-16GB (2)","void reduce<float, int=256>(float const *, float*, unsigned int)",569,"nvlink_total_data_received","NVLink Total Data Received",384,7968,806
"Tesla P100-SXM2-16GB (2)","void reduce<float, int=256>(float const *, float*, unsigned int)",569,"nvlink_user_data_transmitted","NVLink User Data Transmitted",0,0,0
"Tesla P100-SXM2-16GB (2)","void reduce<float, int=256>(float const *, float*, unsigned int)",569,"nvlink_user_data_received","NVLink User Data Received",0,0,0
"Tesla P100-SXM2-16GB (2)","void reduce<float, int=256>(float const *, float*, unsigned int)",569,"nvlink_overhead_data_transmitted","NVLink Overhead Data Transmitted",100.000000%,100.000000%,100.000000%
"Tesla P100-SXM2-16GB (2)","void reduce<float, int=256>(float const *, float*, unsigned int)",569,"nvlink_overhead_data_received","NVLink Overhead Data Received",100.000000%,100.000000%,100.000000%
"Tesla P100-SXM2-16GB (2)","void reduce<float, int=256>(float const *, float*, unsigned int)",569,"nvlink_total_nratom_data_transmitted","NVLink Total Nratom Data Transmitted",0,0,0
"Tesla P100-SXM2-16GB (2)","void reduce<float, int=256>(float const *, float*, unsigned int)",569,"nvlink_user_nratom_data_transmitted","NVLink User Nratom Data Transmitted",0,0,0
"Tesla P100-SXM2-16GB (2)","void reduce<float, int=256>(float const *, float*, unsigned int)",569,"nvlink_total_ratom_data_transmitted","NVLink Total Ratom Data Transmitted",0,0,0
"Tesla P100-SXM2-16GB (2)","void reduce<float, int=256>(float const *, float*, unsigned int)",569,"nvlink_user_ratom_data_transmitted","NVLink User Ratom Data Transmitted",0,0,0
"Tesla P100-SXM2-16GB (2)","void reduce<float, int=256>(float const *, float*, unsigned int)",569,"nvlink_total_write_data_transmitted","NVLink Total Write Data Transmitted",0,0,0
"Tesla P100-SXM2-16GB (2)","void reduce<float, int=256>(float const *, float*, unsigned int)",569,"nvlink_user_write_data_transmitted","NVLink User Write Data Transmitted",0,0,0
"Tesla P100-SXM2-16GB (2)","void reduce<float, int=256>(float const *, float*, unsigned int)",569,"nvlink_transmit_throughput","NVLink Transmit Throughput",2.094110MB/s,20.533352MB/s,3.127592MB/s
"Tesla P100-SXM2-16GB (2)","void reduce<float, int=256>(float const *, float*, unsigned int)",569,"nvlink_receive_throughput","NVLink Receive Throughput",1.396072MB/s,29.050026MB/s,2.939809MB/s
"Tesla P100-SXM2-16GB (2)","void reduce<float, int=256>(float const *, float*, unsigned int)",569,"nvlink_total_response_data_received","NVLink Total Response Data Received",0,0,0
"Tesla P100-SXM2-16GB (2)","void reduce<float, int=256>(float const *, float*, unsigned int)",569,"nvlink_user_response_data_received","NVLink User Response Data Received",0,0,0
"Tesla P100-SXM2-16GB (2)","void reduce<float, int=256>(float const *, float*, unsigned int)",569,"flop_count_hp","Floating Point Operations(Half Precision)",0,0,0
"Tesla P100-SXM2-16GB (2)","void reduce<float, int=256>(float const *, float*, unsigned int)",569,"flop_count_hp_add","Floating Point Operations(Half Precision Add)",0,0,0
"Tesla P100-SXM2-16GB (2)","void reduce<float, int=256>(float const *, float*, unsigned int)",569,"flop_count_hp_mul","Floating Point Operation(Half Precision Mul)",0,0,0
"Tesla P100-SXM2-16GB (2)","void reduce<float, int=256>(float const *, float*, unsigned int)",569,"flop_count_hp_fma","Floating Point Operations(Half Precision FMA)",0,0,0
"Tesla P100-SXM2-16GB (2)","void reduce<float, int=256>(float const *, float*, unsigned int)",569,"inst_fp_16","HP Instructions(Half)",0,0,0
"Tesla P100-SXM2-16GB (2)","void reduce<float, int=256>(float const *, float*, unsigned int)",569,"ipc","Executed IPC",0.228525,0.232699,0.231231
"Tesla P100-SXM2-16GB (2)","void reduce<float, int=256>(float const *, float*, unsigned int)",569,"issued_ipc","Issued IPC",0.228633,0.232814,0.231343
"Tesla P100-SXM2-16GB (2)","void reduce<float, int=256>(float const *, float*, unsigned int)",569,"issue_slot_utilization","Issue Slot Utilization",10.005451%,10.188430%,10.124046%
"Tesla P100-SXM2-16GB (2)","void reduce<float, int=256>(float const *, float*, unsigned int)",569,"sm_efficiency","Multiprocessor Activity",88.930808%,93.776735%,92.197515%
"Tesla P100-SXM2-16GB (2)","void reduce<float, int=256>(float const *, float*, unsigned int)",569,"achieved_occupancy","Achieved Occupancy",0.143499,0.143741,0.143623
"Tesla P100-SXM2-16GB (2)","void reduce<float, int=256>(float const *, float*, unsigned int)",569,"eligible_warps_per_cycle","Eligible Warps Per Active Cycle",0.225621,0.230420,0.228401
"Tesla P100-SXM2-16GB (2)","void reduce<float, int=256>(float const *, float*, unsigned int)",569,"shared_utilization","Shared Memory Utilization","Low (1)","Low (1)","Low (1)"
"Tesla P100-SXM2-16GB (2)","void reduce<float, int=256>(float const *, float*, unsigned int)",569,"l2_utilization","L2 Cache Utilization","Low (1)","Low (1)","Low (1)"
"Tesla P100-SXM2-16GB (2)","void reduce<float, int=256>(float const *, float*, unsigned int)",569,"tex_utilization","Unified Cache Utilization","Low (2)","Low (2)","Low (2)"
"Tesla P100-SXM2-16GB (2)","void reduce<float, int=256>(float const *, float*, unsigned int)",569,"ldst_fu_utilization","Load/Store Function Unit Utilization","Low (1)","Low (1)","Low (1)"
"Tesla P100-SXM2-16GB (2)","void reduce<float, int=256>(float const *, float*, unsigned int)",569,"cf_fu_utilization","Control-Flow Function Unit Utilization","Low (1)","Low (1)","Low (1)"
"Tesla P100-SXM2-16GB (2)","void reduce<float, int=256>(float const *, float*, unsigned int)",569,"tex_fu_utilization","Texture Function Unit Utilization","Low (2)","Low (2)","Low (2)"
"Tesla P100-SXM2-16GB (2)","void reduce<float, int=256>(float const *, float*, unsigned int)",569,"special_fu_utilization","Special Function Unit Utilization","Idle (0)","Idle (0)","Idle (0)"
"Tesla P100-SXM2-16GB (2)","void reduce<float, int=256>(float const *, float*, unsigned int)",569,"half_precision_fu_utilization","Half-Precision Function Unit Utilization","Idle (0)","Idle (0)","Idle (0)"
"Tesla P100-SXM2-16GB (2)","void reduce<float, int=256>(float const *, float*, unsigned int)",569,"single_precision_fu_utilization","Single-Precision Function Unit Utilization","Low (1)","Low (1)","Low (1)"
"Tesla P100-SXM2-16GB (2)","void reduce<float, int=256>(float const *, float*, unsigned int)",569,"double_precision_fu_utilization","Double-Precision Function Unit Utilization","Idle (0)","Idle (0)","Idle (0)"
"Tesla P100-SXM2-16GB (2)","void reduce<float, int=256>(float const *, float*, unsigned int)",569,"flop_hp_efficiency","FLOP Efficiency(Peak Half)",0.000000%,0.000000%,0.000000%
"Tesla P100-SXM2-16GB (2)","void reduce<float, int=256>(float const *, float*, unsigned int)",569,"flop_sp_efficiency","FLOP Efficiency(Peak Single)",0.640914%,0.673565%,0.662893%
"Tesla P100-SXM2-16GB (2)","void reduce<float, int=256>(float const *, float*, unsigned int)",569,"flop_dp_efficiency","FLOP Efficiency(Peak Double)",0.000000%,0.000000%,0.000000%
"Tesla P100-SXM2-16GB (2)","void reduce<float, int=256>(float const *, float*, unsigned int)",569,"sysmem_read_utilization","System Memory Read Utilization","Idle (0)","Idle (0)","Idle (0)"
"Tesla P100-SXM2-16GB (2)","void reduce<float, int=256>(float const *, float*, unsigned int)",569,"sysmem_write_utilization","System Memory Write Utilization","Low (1)","Low (1)","Low (1)"
"Tesla P100-SXM2-16GB (2)","void reduce<float, int=256>(float const *, float*, unsigned int)",569,"pcie_total_data_transmitted","PCIe Total Data Transmitted",0,3584,239
"Tesla P100-SXM2-16GB (2)","void reduce<float, int=256>(float const *, float*, unsigned int)",569,"pcie_total_data_received","PCIe Total Data Received",0,2560,85
"Tesla P100-SXM2-16GB (2)","void reduce<float, int=256>(float const *, float*, unsigned int)",569,"inst_executed_global_loads","Warp level instructions for global loads",524288,524288,524288
"Tesla P100-SXM2-16GB (2)","void reduce<float, int=256>(float const *, float*, unsigned int)",569,"inst_executed_local_loads","Warp level instructions for local loads",0,0,0
"Tesla P100-SXM2-16GB (2)","void reduce<float, int=256>(float const *, float*, unsigned int)",569,"inst_executed_shared_loads","Warp level instructions for shared loads",265024,265024,265024
"Tesla P100-SXM2-16GB (2)","void reduce<float, int=256>(float const *, float*, unsigned int)",569,"inst_executed_surface_loads","Warp level instructions for surface loads",0,0,0
"Tesla P100-SXM2-16GB (2)","void reduce<float, int=256>(float const *, float*, unsigned int)",569,"inst_executed_global_stores","Warp level instructions for global stores",64,64,64
"Tesla P100-SXM2-16GB (2)","void reduce<float, int=256>(float const *, float*, unsigned int)",569,"inst_executed_local_stores","Warp level instructions for local stores",0,0,0
"Tesla P100-SXM2-16GB (2)","void reduce<float, int=256>(float const *, float*, unsigned int)",569,"inst_executed_shared_stores","Warp level instructions for shared stores",264064,264064,264064
"Tesla P100-SXM2-16GB (2)","void reduce<float, int=256>(float const *, float*, unsigned int)",569,"inst_executed_surface_stores","Warp level instructions for surface stores",0,0,0
"Tesla P100-SXM2-16GB (2)","void reduce<float, int=256>(float const *, float*, unsigned int)",569,"inst_executed_global_atomics","Warp level instructions for global atom and atom cas",0,0,0
"Tesla P100-SXM2-16GB (2)","void reduce<float, int=256>(float const *, float*, unsigned int)",569,"inst_executed_global_reductions","Warp level instructions for global reductions",0,0,0
"Tesla P100-SXM2-16GB (2)","void reduce<float, int=256>(float const *, float*, unsigned int)",569,"inst_executed_surface_atomics","Warp level instructions for surface atom and atom cas",0,0,0
"Tesla P100-SXM2-16GB (2)","void reduce<float, int=256>(float const *, float*, unsigned int)",569,"inst_executed_surface_reductions","Warp level instructions for surface reductions",0,0,0
"Tesla P100-SXM2-16GB (2)","void reduce<float, int=256>(float const *, float*, unsigned int)",569,"inst_executed_shared_atomics","Warp level shared instructions for atom and atom CAS",0,0,0
"Tesla P100-SXM2-16GB (2)","void reduce<float, int=256>(float const *, float*, unsigned int)",569,"inst_executed_tex_ops","Warp level instructions for texture",0,0,0
"Tesla P100-SXM2-16GB (2)","void reduce<float, int=256>(float const *, float*, unsigned int)",569,"l2_global_load_bytes","Bytes read from L2 for misses in Unified Cache for global loads",67108864,67108864,67108864
"Tesla P100-SXM2-16GB (2)","void reduce<float, int=256>(float const *, float*, unsigned int)",569,"l2_local_load_bytes","Bytes read from L2 for misses in Unified Cache for local loads",0,0,0
"Tesla P100-SXM2-16GB (2)","void reduce<float, int=256>(float const *, float*, unsigned int)",569,"l2_surface_load_bytes","Bytes read from L2 for misses in Unified Cache for surface loads",0,0,0
"Tesla P100-SXM2-16GB (2)","void reduce<float, int=256>(float const *, float*, unsigned int)",569,"dram_read_bytes","Total bytes read from DRAM to L2 cache",67109248,67117184,67109541
"Tesla P100-SXM2-16GB (2)","void reduce<float, int=256>(float const *, float*, unsigned int)",569,"dram_write_bytes","Total bytes written from L2 cache to DRAM",1941408,2089952,2056725
"Tesla P100-SXM2-16GB (2)","void reduce<float, int=256>(float const *, float*, unsigned int)",569,"l2_local_global_store_bytes","Bytes written to L2 from Unified Cache for local and global stores.",2048,2048,2048
"Tesla P100-SXM2-16GB (2)","void reduce<float, int=256>(float const *, float*, unsigned int)",569,"l2_global_reduction_bytes","Bytes written to L2 from Unified cache for global reductions",0,0,0
"Tesla P100-SXM2-16GB (2)","void reduce<float, int=256>(float const *, float*, unsigned int)",569,"l2_global_atomic_store_bytes","Bytes written to L2 from Unified cache for global atomics",0,0,0
"Tesla P100-SXM2-16GB (2)","void reduce<float, int=256>(float const *, float*, unsigned int)",569,"l2_surface_store_bytes","Bytes written to L2 from Unified Cache for surface stores.",0,0,0
"Tesla P100-SXM2-16GB (2)","void reduce<float, int=256>(float const *, float*, unsigned int)",569,"l2_surface_reduction_bytes","Bytes written to L2 from Unified Cache for surface reductions",0,0,0
"Tesla P100-SXM2-16GB (2)","void reduce<float, int=256>(float const *, float*, unsigned int)",569,"l2_surface_atomic_store_bytes","Bytes transferred between Unified Cache and L2 for surface atomics",0,0,0
"Tesla P100-SXM2-16GB (2)","void reduce<float, int=256>(float const *, float*, unsigned int)",569,"global_load_requests","Total number of global load requests from Multiprocessor",2097152,2097152,2097152
"Tesla P100-SXM2-16GB (2)","void reduce<float, int=256>(float const *, float*, unsigned int)",569,"local_load_requests","Total number of local load requests from Multiprocessor",0,0,0
"Tesla P100-SXM2-16GB (2)","void reduce<float, int=256>(float const *, float*, unsigned int)",569,"surface_load_requests","Total number of surface load requests from Multiprocessor",0,0,0
"Tesla P100-SXM2-16GB (2)","void reduce<float, int=256>(float const *, float*, unsigned int)",569,"global_store_requests","Total number of global store requests from Multiprocessor",64,64,64
"Tesla P100-SXM2-16GB (2)","void reduce<float, int=256>(float const *, float*, unsigned int)",569,"local_store_requests","Total number of local store requests from Multiprocessor",0,0,0
"Tesla P100-SXM2-16GB (2)","void reduce<float, int=256>(float const *, float*, unsigned int)",569,"surface_store_requests","Total number of surface store requests from Multiprocessor",0,0,0
"Tesla P100-SXM2-16GB (2)","void reduce<float, int=256>(float const *, float*, unsigned int)",569,"global_atomic_requests","Total number of global atomic requests from Multiprocessor",0,0,0
"Tesla P100-SXM2-16GB (2)","void reduce<float, int=256>(float const *, float*, unsigned int)",569,"global_reduction_requests","Total number of global reduction requests from Multiprocessor",0,0,0
"Tesla P100-SXM2-16GB (2)","void reduce<float, int=256>(float const *, float*, unsigned int)",569,"surface_atomic_requests","Total number of surface atomic requests from Multiprocessor",0,0,0
"Tesla P100-SXM2-16GB (2)","void reduce<float, int=256>(float const *, float*, unsigned int)",569,"surface_reduction_requests","Total number of surface reduction requests from Multiprocessor",0,0,0
"Tesla P100-SXM2-16GB (2)","void reduce<float, int=256>(float const *, float*, unsigned int)",569,"sysmem_read_bytes","System Memory Read Bytes",0,0,0
"Tesla P100-SXM2-16GB (2)","void reduce<float, int=256>(float const *, float*, unsigned int)",569,"sysmem_write_bytes","System Memory Write Bytes",160,160,160
"Tesla P100-SXM2-16GB (2)","void reduce<float, int=256>(float const *, float*, unsigned int)",569,"l2_tex_hit_rate","L2 Cache Hit Rate",0.002956%,0.002956%,0.002956%
"Tesla P100-SXM2-16GB (2)","void reduce<float, int=256>(float const *, float*, unsigned int)",569,"texture_load_requests","Total number of texture Load requests from Multiprocessor",0,0,0
"Tesla P100-SXM2-16GB (2)","void reduce<float, int=256>(float const *, float*, unsigned int)",569,"unique_warps_launched","Number of warps launched",512,512,512
